customer_id,first_name,last_name,email,phone,birth_date,address,risk_tier,created_at,updated_at
d70bbb7d-d186-4a8d-ac91-aeaef39ef24c,Kelly,Petty,amoon@example.net,540-652-0816,1976-07-29,"855 Christopher Mountains Apt. 215
West Jesse, WA 72081",MEDIUM,2020-05-20,2026-03-03
f8b38547-c8e0-4a1f-b9f8-5a2ff56ec4f4,Angelica,Giles,aprilrivera@example.com,(954)783-3485,2004-11-02,"77443 Harrison Road
Jorgeborough, NV 47809",LOW,2026-05-18,2026-01-11
5ec59d34-3437-4263-8cb5-59624615235f,Gina,Murray,xbeasley@example.net,001-667-936-5185x6501,1989-12-17,"35305 Denise Dale
Jenniferport, VI 19695",LOW,2025-03-04,2026-05-14
b3ad2c4f-07c4-4e90-9f14-87fae3a7ba0d,Edward,Sandoval,brandi33@example.org,6015571860,1994-04-04,"9842 Flores Field Apt. 945
Mooreport, KY 27045",LOW,2024-08-19,2026-03-28
d6a77eaa-f9eb-44e9-927d-9e5ed04d634f,Andrew,Shaffer,nsanders@example.net,416.574.2636x73904,1991-01-03,"1718 Jennings Circles
South Louisstad, IN 78175",LOW,2022-06-09,2026-02-01
34f8453c-4ac2-420c-9849-e71531ca6784,Bradley,Clayton,kathrynjohnson@example.com,5155073390,1996-07-22,"99523 Alexandra Point Apt. 640
North Caseyburgh, NJ 55748",LOW,2022-04-14,2026-03-09
bea1d5a8-da6b-4489-85f6-103f8399cf26,Jason,Holloway,roblesmichelle@example.com,807.962.7678,1977-11-26,"9758 Francisco Springs Suite 964
North Kimberlymouth, FM 38207",LOW,2022-07-22,2026-05-25
fdb4c7e5-67ee-44f5-86f2-35ebb9e2e3f6,Matthew,Kelly,bethmcintosh@example.net,718-677-9569,2008-04-17,"15139 Burton Pines Suite 297
East Scottside, AK 62510",LOW,2022-03-21,2026-04-13
49eb1642-90b7-4bc9-b6fb-6c1a2bbcb1bd,Raymond,Allen,jeffreyhernandez@example.com,001-472-889-4455x6307,1961-08-20,"996 Daniel Light Suite 817
Port Melissa, AS 30228",LOW,2020-05-18,2026-03-01
74e83a1f-aa0c-4b8f-9034-da3d886a1015,Michael,Wagner,tamiboyd@example.net,001-364-248-9450x1819,1980-07-27,"4817 Roberts Lock Apt. 575
North Michaelview, NY 12168",LOW,2020-09-11,2026-05-30
1130d9dc-8027-4ad1-a936-7014f2bcf9b4,Ashley,Baker,peggy31@example.org,(281)801-0684,1966-08-24,"Unit 5853 Box 2433
DPO AE 12650",LOW,2022-10-19,2026-04-25
eb37a4bf-fb4f-4c8b-ba80-0e84bed487a8,Heidi,Ross,victorfigueroa@example.com,+1-862-465-1371x25428,1980-10-02,"2977 Dixon Haven Suite 441
West John, IL 21566",LOW,2021-02-12,2026-01-12
f703ca9a-14e3-403c-8d5d-05449cdba47e,Alyssa,Cohen,andersonann@example.net,001-972-410-1538,1973-02-09,"690 Elizabeth Squares Suite 883
Wilsonberg, GA 47464",LOW,2023-01-01,2026-02-06
76a0caf9-a1bf-496e-a3a3-e16785b3c0da,Derek,Clark,carlaperry@example.org,5547112713,1962-01-18,"83818 Ian Mountain
North Annside, MO 65325",LOW,2019-07-05,2026-02-13
9a408d31-9cd8-4b6b-8487-e85ff176a92c,Ricardo,Price,munozalexander@example.com,987.234.5326,2001-01-18,"507 Christy Stravenue Suite 087
Port Nicholasfort, WY 17700",LOW,2021-08-05,2026-06-07
eecb8fe8-4ce0-4957-9e35-3d8eea5c4f5b,Sue,Sullivan,rogersamy@example.org,276-336-4424x9499,1993-09-24,"USNS Livingston
FPO AA 65035",MEDIUM,2023-01-11,2026-01-13
15b493ae-d412-40fb-93ca-ffb13ef12970,Jeffrey,Bryant,tcarter@example.org,(740)560-1402x34773,1991-01-21,"76957 Jones Circles Suite 842
Port Kevin, NJ 13750",MEDIUM,2021-02-20,2026-06-05
ebf1bd41-348c-42e6-8ec1-d59768cdb0de,Joshua,Wallace,jlong@example.net,801-873-0466x19189,2002-03-16,"97733 Jackson Gateway Suite 365
Carlosport, NV 66957",LOW,2024-12-23,2026-06-15
84b72b10-9b14-4f64-98b9-6510cc69f808,Kathryn,Moore,nicholsjohn@example.net,(878)588-0323,1970-11-07,"224 Powers Spur Apt. 679
Millershire, KY 87679",LOW,2020-03-02,2026-01-03
8602a9c3-c9b1-4314-a22b-0e4f817bdf1c,Todd,Cox,jennifer78@example.org,+1-327-246-2977x596,2007-07-18,"30611 Le Ports Suite 617
Atkinsport, AZ 57207",LOW,2021-02-17,2026-03-16
8af0a939-c109-4c4a-9639-bef909d3eb5c,Steven,Watts,cardenastammy@example.com,2817858834,1974-10-21,"176 Wilson Overpass
South Judithfort, AK 53892",LOW,2023-07-09,2026-03-30
708e3f72-fb6b-4c29-8dfc-9402591310d1,Cody,Carter,fbennett@example.net,486-987-2797x9982,2000-07-01,"99816 Lindsey Rapids
West Randall, IA 05779",LOW,2023-06-12,2026-04-04
afbbd168-cec7-477d-9903-560be016715d,Hannah,Hayes,bmoss@example.net,523.817.1308,1960-05-16,"3300 Juan Alley Apt. 190
North Michaelton, VI 71181",MEDIUM,2024-05-20,2026-05-14
366a0080-29bb-499b-bb85-f6d5da534ce7,Jennifer,Dixon,ljacobs@example.net,306.818.7459,1992-07-01,"2969 Renee Street Suite 633
North Toddberg, FL 89894",LOW,2020-01-19,2026-01-22
905c887f-67a6-4649-9c28-cabe699fe697,Lori,Richards,odavis@example.com,9459823520,1964-07-19,"905 Sawyer Garden
North Petermouth, CT 64363",LOW,2025-06-21,2026-02-06
48ac1b29-ecb4-48a5-a4af-80c9b4aff70a,Lori,Johnson,ronaldknight@example.net,576-344-7309x37034,1998-09-05,"9378 Hughes Mountain
North Rebekah, NV 74535",LOW,2024-01-25,2026-01-13
b8a9877c-317e-4496-8669-870b4a87b965,Jordan,Wallace,gonzalezrachel@example.org,+1-549-725-8091x2616,1983-03-31,"975 Owens Summit
Johntown, SD 23532",LOW,2026-04-27,2026-01-25
7c8409fd-b3b6-421e-b1df-8e184ac4bff1,Sandra,Smith,kristinwalls@example.org,566.945.5932x41979,1980-03-06,"6005 Peterson Trafficway
Lake Lisaberg, TN 50678",LOW,2021-06-02,2026-01-24
1a9eaec5-af4e-4524-b397-f57289b18e70,Sharon,Nguyen,meganwalton@example.org,(414)477-9983,1978-07-27,"9689 Lee Neck
Port Monicafort, VT 86849",MEDIUM,2022-07-11,2026-01-16
c31f7c07-074d-4501-b137-9d6a8f796c76,Kristopher,Joseph,samuel38@example.org,530.207.8645x104,1992-08-18,"912 Keith Union Apt. 845
Lake John, DE 08455",LOW,2022-06-28,2026-01-13
1fdbac0e-5990-492c-beb7-cb5e7ab158ff,Kathy,Liu,comptonandrew@example.net,(999)795-4415x88931,1965-09-06,"803 Tucker Ways Suite 307
Jeffreytown, ND 03970",LOW,2019-10-13,2026-06-10
5040507e-b12e-4cb7-8322-658787485024,Bradley,Gibson,ryan06@example.org,431-440-8834x850,2005-01-18,"2448 Jacqueline Rapids Apt. 022
Mcgeebury, FM 64692",MEDIUM,2020-08-07,2026-05-05
125ca685-3545-418c-9487-c1091fa0ce3e,Anna,Martinez,jessica02@example.org,(283)573-5984x778,2000-01-25,"877 White Way
Lake David, AZ 38238",LOW,2023-06-18,2026-03-27
d8351268-daba-4c82-a248-9b29324bad71,Courtney,Webster,karen59@example.net,+1-313-423-1836x081,2007-10-30,"PSC 4784, Box 6095
APO AP 26051",MEDIUM,2024-02-23,2026-01-31
6240c960-bcd8-4bfb-8083-2fa23ce9f5ce,Diana,Waller,chawkins@example.com,838-343-5241x0541,1966-01-11,"13210 Jonathan Creek Apt. 447
Craigmouth, TN 92679",MEDIUM,2020-05-21,2026-01-09
695e4719-6433-4209-8168-449437b5ed19,Andrew,Thornton,johnsonalex@example.org,001-412-854-2775,1958-09-08,"525 Mendez Summit
Rogermouth, NE 12104",LOW,2020-11-06,2026-01-17
da97b114-801c-473f-91e3-23917c5ba1bf,Sheryl,Bartlett,williskathleen@example.org,765.826.2005,1963-11-04,"9888 Cooper Burg Apt. 019
West Karamouth, NV 43252",MEDIUM,2022-06-25,2026-02-08
e6394aff-503e-4c6b-9d49-31becf138620,Monique,Dickson,tammybuchanan@example.net,566-365-5548x18354,2001-05-24,"2995 Ashley Lights
Francofurt, RI 25556",MEDIUM,2025-08-29,2026-03-17
80413042-465d-4358-a250-a103d4acb448,Savannah,Murphy,samanthaodom@example.org,626.524.0226x799,1955-11-16,"5330 Samuel Route
Erictown, WV 94709",LOW,2023-01-14,2026-04-20
7c74cc3c-089a-4c55-9647-64f6b281dd6a,Melanie,Gonzalez,kevin82@example.com,367-352-4502x3338,1981-09-23,"2657 Hannah Court
North Jason, AK 21073",LOW,2023-12-07,2026-05-09
4ad9c122-4a36-4665-ba67-412c24b02785,Samuel,Smith,vmurphy@example.org,001-385-934-6567x65603,1965-08-03,"0452 Martin Rest
North Rachelfurt, ND 19793",LOW,2020-04-07,2026-01-06
536a2cc9-eb42-41e7-900f-06200f687ce7,Bradley,Taylor,paigefernandez@example.org,+1-742-210-9461x98868,1956-04-09,"USS Rodriguez
FPO AA 23214",LOW,2021-11-20,2026-06-18
cfe00191-146b-4f39-b80a-517274e1d1ae,Christopher,Anderson,harrisjames@example.net,991.995.6858,1995-01-23,"267 Seth Trail
Port Barbara, HI 26706",LOW,2021-08-31,2026-01-06
37a04e64-e382-4090-8835-cc8f6d5eda4e,Ryan,Thomas,noah20@example.net,+1-514-308-1024x3831,1982-05-09,"1637 Justin Rapid
Jasonmouth, PA 27145",LOW,2024-08-07,2026-02-21
23387c65-bdfe-42b0-8c0e-89c30702ea21,Gregory,Taylor,chasecynthia@example.com,383.453.7903,1962-01-09,"757 Lauren Freeway Suite 640
South Donnamouth, MH 10557",LOW,2020-09-19,2026-05-14
dc28af5b-6645-48c9-8086-2696883a4d6f,Sarah,Jackson,earl31@example.net,2879732484,1966-07-22,"721 Compton Orchard Suite 610
Jenniferborough, DC 69277",LOW,2020-09-09,2026-05-07
8d29c1ed-2913-4988-95f2-184ed76b9be4,Victoria,Cuevas,tonyamaldonado@example.com,(537)583-5281,1996-11-17,"5549 Adams Isle
Ochoamouth, HI 97023",LOW,2020-04-24,2026-05-30
f00972d2-1a20-4d45-9557-282a37b5e281,John,Nielsen,martinezdakota@example.com,509-622-0969x4012,1985-01-14,"26162 Daniel Corner
Bellside, MI 41396",LOW,2021-06-04,2026-04-03
828a5962-fcb1-4f0b-b0ef-b350e95b7eff,Marco,Lambert,patrickholt@example.org,001-388-716-3427x031,2007-09-18,"47876 Mallory Court
South Johnshire, NY 22494",MEDIUM,2019-11-02,2026-05-24
1a39c5c4-5388-49e0-a862-be051d4c08ad,James,Garcia,stephanie37@example.org,3699839595,1956-11-02,"57319 Amy Port Apt. 998
East Antonio, KY 72705",LOW,2026-02-06,2026-04-05
36187e0b-8d26-44f1-9a26-9189de27f442,Lindsay,Roman,christopher46@example.net,+1-228-761-3515x9598,1964-12-11,"636 Elizabeth Orchard Suite 037
Port Davidport, UT 78777",HIGH,2025-04-29,2026-03-31
31b7c967-3fd1-40c6-b537-2512e4e9c707,Steven,Washington,elizabethflowers@example.com,754.575.5693x44621,1973-05-10,"20344 Gordon Road
Johnsonport, AR 18667",LOW,2023-05-17,2026-04-21
ba6dd0f4-87ff-44f2-aa4b-76a7fd9dcdcd,Donna,Horne,cwilliams@example.org,001-729-729-1647,1993-08-05,"69319 David River
Prestonmouth, NV 53640",HIGH,2025-09-18,2026-06-12
aab2a3a8-565d-40f2-9dac-5ed5b2edb4e9,Lisa,Pacheco,scottstephanie@example.net,+1-202-720-2439x4137,1965-04-07,"001 Vasquez Alley Suite 462
East Angelaland, CO 55170",LOW,2019-11-20,2026-05-04
e1a22a4e-b70c-41dd-9311-a2dafa803fcb,Danielle,Cisneros,brandon43@example.com,(595)819-5396x52925,1980-05-11,"13950 Glenda Ranch Suite 669
Alexandershire, PR 80571",LOW,2021-11-11,2026-02-02
2fe8401c-1a35-41c7-8cb8-0abab8b91d52,James,Ward,ujohnson@example.com,5692642187,1981-03-07,"3076 Alexandra Stream Suite 773
Patriciahaven, DE 86184",MEDIUM,2025-08-26,2026-02-16
8dc6e557-19f4-416b-9ab7-9efecf276b90,Justin,Rodgers,michael77@example.org,+1-936-549-2820x224,1971-09-26,"77059 Henry Walks
Nicholashaven, MO 22102",HIGH,2024-01-16,2026-05-02
a21364ca-c995-45c1-accd-9b9a0be058a8,Molly,Baker,manningsara@example.net,(712)836-3215x009,1985-09-16,"87918 Schmidt Port Apt. 093
South Maryberg, OK 29156",MEDIUM,2020-07-28,2026-05-24
bee125bd-4b5a-4cd4-9078-99eb6d0bf300,Timothy,Diaz,akeller@example.com,347-399-5412,1956-06-06,"023 Juarez Tunnel
East Colin, MN 84589",MEDIUM,2023-05-28,2026-04-24
75b6daf0-bb73-45a8-808a-04ec12192817,Michael,Allen,perkinsstephanie@example.com,(579)913-9139,1978-03-26,"3039 Michael Via Suite 862
East Nathanshire, HI 36246",LOW,2022-06-25,2026-05-02
aba1249e-6dce-4c70-94bf-69b375b58c96,Christine,Aguilar,carlosgonzalez@example.net,(967)541-3519x0314,1958-05-31,"25370 John Brooks
Sanchezmouth, MN 31945",LOW,2022-05-20,2026-01-03
1943455f-6edd-4ed3-afa9-c2fd36f42205,Adrian,Turner,travis09@example.org,001-677-310-8020x3050,1973-05-24,"4432 Richard Divide
Davidburgh, WI 34824",LOW,2020-04-30,2026-06-14
7c03566c-e385-41df-8d76-5d7da530405b,Brian,Richardson,nancy80@example.com,982-445-1144x28325,1974-07-08,"18654 Edgar Viaduct Suite 496
Phillipton, HI 11609",LOW,2026-03-12,2026-04-11
2ae6c0c5-29dc-401e-b957-d5dba46b5947,Janet,Johnson,perezmegan@example.net,(873)508-3465,1996-01-18,"904 Mccormick Island Suite 743
Nicolemouth, VT 41321",HIGH,2021-02-27,2026-05-30
8217e071-a862-4693-ba5a-277b54d5d0b7,Jason,Kelley,danielchang@example.net,+1-720-467-9984,1961-12-09,"Unit 2201 Box 6603
DPO AE 09308",LOW,2024-05-01,2026-01-27
e934acaf-56ef-4dca-bf83-cd3bf77cf7f3,Emily,Allen,twalters@example.org,933-602-2259,2001-12-10,"521 Smith Ports Apt. 706
Suttonmouth, MH 04518",MEDIUM,2020-06-15,2026-01-05
30b2d3c8-9da5-4af6-8875-e2837497694a,Haley,Goodman,daviddavis@example.net,532.784.5424,1993-10-11,"USS Taylor
FPO AA 32354",LOW,2022-03-02,2026-02-10
99bdf4c3-6972-4b93-ae69-90ae80ec5d3c,Holly,Bishop,russelldouglas@example.net,4553878065,1955-11-30,"66792 Walter Street
Robertland, CO 81307",LOW,2022-07-09,2026-01-11
935a2288-435b-432a-b639-1dad425d5b62,Colleen,Garrett,amy70@example.com,709.984.8067,1999-05-13,"200 Sue Crossroad
West Richard, NY 31737",HIGH,2019-07-10,2026-01-13
0d794caa-8a7f-466f-9e36-f8a27e90ca69,Kimberly,Todd,jramos@example.com,+1-810-913-9342x0403,1976-07-24,"PSC 3866, Box 9255
APO AP 48848",MEDIUM,2025-09-22,2026-02-14
0177efbb-baae-4bbf-a1a9-e8b35f6176cb,Joseph,Martin,stephaniecole@example.net,790-497-8432x43497,1968-12-21,"877 Hendrix Stravenue Suite 129
Port Jeremyville, NH 87490",LOW,2022-09-30,2026-03-10
6b4ab0fe-82aa-4cdf-9d74-44285714d590,Alexander,Johnson,wendy21@example.com,001-575-893-1354x4449,1962-06-25,"8131 Henry Hollow Apt. 534
Edwardsville, HI 20837",MEDIUM,2024-01-11,2026-05-08
565c7b8b-11e1-42a6-8c96-849ac5ada509,Katherine,Casey,jeffreynichols@example.org,(971)997-4373x5660,1965-06-27,"55104 Pearson Courts Suite 664
Lake Michael, MI 43257",LOW,2024-06-10,2026-02-12
4541aec4-d512-4997-94e7-30abfb041d3b,Karen,Young,qdavis@example.com,6195143271,1971-07-16,"5967 Moreno Path Apt. 213
Mercadoberg, CT 67401",LOW,2022-11-09,2026-02-11
4c38bec2-dff8-4bd4-89dd-ad1972087331,Holly,Mcfarland,samantha53@example.org,001-892-514-9766x1643,1979-06-15,"894 Christina Green
South Codyborough, AK 76638",MEDIUM,2023-04-12,2026-04-01
8d269a9f-bb06-4da9-bf99-1c4d553b9ece,Erica,Richard,jarvisdonald@example.com,573-563-4531x2993,2007-04-28,"429 Butler Ridge
Steinborough, TX 96884",MEDIUM,2020-09-11,2026-03-27
7ee80523-150b-4b84-8eda-2a857bc8a45e,Lisa,Mendez,ocruz@example.net,658-451-8657x629,2004-01-28,"275 Patricia Course
North Christineview, NM 25269",LOW,2019-08-14,2026-04-13
839e0380-d509-440e-b57e-b45d970f3676,David,Ford,cgardner@example.net,669.995.1244,2002-01-21,"753 Teresa Court
Jacobburgh, OH 92834",LOW,2022-03-08,2026-02-15
a381e830-d143-4c6f-8493-6288bb6ff96a,Kristin,Martinez,patrickandrew@example.net,001-326-680-3222x3344,1993-09-15,"2964 William Flats
Scottberg, AR 99650",HIGH,2020-10-30,2026-04-27
193c7901-7d00-4e0b-803a-4d6d724f1ca8,Holly,Gutierrez,johnsonrhonda@example.com,371.242.6722,1993-11-11,"1034 Jacob Roads
East Calvinborough, AZ 52276",LOW,2025-10-18,2026-05-04
98bdd9e7-2f92-444b-bd9a-28af85d4dccb,Shirley,Flores,monicasmith@example.org,+1-850-380-5698x75593,1963-02-12,"9196 Aaron Parkway
Samuelview, UT 74693",LOW,2023-09-01,2026-03-14
0cccb11f-df28-4804-8a07-71e096c266c0,Jennifer,Williams,hhogan@example.com,535.373.6077x483,1978-03-02,"458 Herrera Lane Suite 332
North Lorrainefurt, PR 45506",MEDIUM,2024-03-29,2026-04-13
78fe165f-d86a-4d7c-bfa1-9c608b1d0311,George,Horton,tford@example.net,001-775-667-7355x6949,1956-04-09,"80347 Douglas Lake
North Christopher, IL 43211",MEDIUM,2022-02-16,2026-03-04
d90f636e-0331-4b5e-8c46-0df19418e766,Michelle,Ramirez,matthewrose@example.org,974.611.9580x4459,1960-05-09,"08069 Michael Bypass
Nashshire, IN 25639",LOW,2021-12-15,2026-03-17
d1c0a93f-fe54-4f37-85f1-6d44982fdf97,Michelle,George,amandaramos@example.net,+1-745-258-6659,1983-08-23,"Unit 8270 Box 8528
DPO AP 01195",LOW,2021-04-17,2026-01-31
d6cb7fdb-012a-44af-b17a-6ad6510f5936,Stephanie,Anderson,mariawilliams@example.com,001-967-316-5683x20843,1990-04-10,"3825 Webb Spur Apt. 803
Williamsshire, ME 70487",LOW,2026-01-07,2026-06-13
215fbeca-222a-4584-a182-17ed242bcee4,Heather,Klein,millerkelly@example.net,001-681-463-2675,1967-01-04,"3278 Haley Village Suite 037
Henrybury, WI 81305",LOW,2025-03-24,2026-05-27
6627af75-3b51-4001-8e3e-56a8b7b151fa,Cheryl,Miller,vmartin@example.com,001-717-272-2734x63313,1963-12-25,"6557 Jones Loaf Apt. 949
Mayshire, DE 18429",HIGH,2020-07-03,2026-02-23
1dfc75b4-7feb-46bc-a6f4-019166fc2338,Nathan,Huynh,yschultz@example.net,001-431-336-6665,1958-12-27,"4814 Gerald Shoal
Lake Michelle, AZ 70608",LOW,2019-10-20,2026-02-07
cb664a5f-465e-4ab7-a287-16ebd6fef7d5,Holly,Poole,william90@example.org,+1-695-487-9539x9564,2008-05-15,"05328 Morse Circles
Morrisberg, MD 72313",MEDIUM,2023-04-20,2026-03-20
cc75eeec-afc5-4ba7-994a-e951ea66f4d7,Dana,Patel,tracysharp@example.org,650.988.4074,1966-10-05,"489 Jacobs Harbors
Lake Emily, WI 13698",HIGH,2019-07-21,2026-04-23
030048b8-cf2c-41e5-bea0-a74defbb30bc,Jennifer,Mitchell,courtney79@example.com,645.818.9555,2001-04-28,"669 Derek Shoal
East Nicoleburgh, MD 09911",LOW,2023-07-15,2026-06-20
cb37e696-0433-4474-a040-367649abbeaa,Kimberly,Ortiz,julie51@example.net,6588084785,2005-01-08,"89879 Christopher Landing Suite 941
South Emily, PA 37462",MEDIUM,2019-06-21,2026-04-14
7dff54e5-9803-46e3-8e45-d8e0cc7a7586,Anthony,Meyer,qdavis@example.com,+1-938-389-5945x0860,1991-06-18,"367 Robert Throughway
East Oliviachester, GU 08334",MEDIUM,2021-02-14,2026-05-30
1405eeba-b85f-415d-bd4e-d976f621cc3d,Jill,Dyer,brightvalerie@example.net,(795)568-2113x33856,1970-02-15,"9759 Williams Prairie Apt. 187
Sharimouth, SC 30869",LOW,2019-11-26,2026-06-05
be97870d-ced9-436a-8f3a-a0580fae4ed1,Jonathan,Bridges,barbarahernandez@example.net,(607)569-3845,1970-03-11,"3752 Antonio Plaza
Lake Kevinland, GA 22843",LOW,2023-08-15,2026-01-28
4bbe789f-2b47-4c97-8809-4a39615bee47,Ashley,Ali,smithmadison@example.com,(227)938-7869x5507,1986-05-18,"223 Fernando Rue
West Noah, FL 72551",LOW,2022-10-12,2026-06-18
b1132b81-5725-419e-86a8-6566cfb2701e,Carol,Moss,darrenhernandez@example.com,612.533.0010x57456,1975-04-03,"39402 Leah Pine Suite 897
Jamesstad, DC 25915",LOW,2025-03-14,2026-03-02
0fe61de5-2bae-47de-b893-b64a5a66e62b,Steven,Parrish,johnsonannette@example.net,6833712918,1990-09-25,"18928 Edwards Manor
Heathton, OK 48914",LOW,2022-08-25,2026-03-19
b1e1cc71-dda6-4a54-84d0-0e836a39f988,Marcus,Lawson,icolon@example.com,+1-653-246-6114x128,1983-12-25,"169 Chapman Summit Suite 361
Lake Jeffreymouth, UT 54168",LOW,2024-04-29,2026-03-20
a64b8d69-1c7a-4e66-9142-045ffdbc3b99,Nicholas,Vaughan,jenniferfry@example.net,4225440086,1988-05-02,"140 Erica Rapids
North Davidtown, WA 29252",LOW,2023-07-24,2026-06-18
d9bef34d-281d-4e43-a367-37f69ea6f122,Marco,Lewis,woodssusan@example.com,+1-462-609-3705x09217,1967-07-16,"93374 Daniel Ferry
Lake Donaldstad, OK 58383",LOW,2019-09-02,2026-04-19
b5ef4356-522f-4e58-b5c4-3146c397f108,Mary,Castillo,patrickhernandez@example.net,(213)914-1602x60682,1961-08-17,"93730 Johnson Well
West Jenniferhaven, MP 42092",MEDIUM,2019-12-29,2026-04-06
c902e63a-537f-4f2f-b08b-e167a5787313,Robert,Ellis,jaime06@example.com,+1-926-720-0448x359,1989-01-31,"72184 Alicia Isle
Port Lauren, IN 09517",MEDIUM,2022-08-23,2026-01-16
10dc1911-e536-48fe-9433-d6d65d95bd23,Erica,Sparks,sarah95@example.com,+1-209-244-5913x118,1967-08-23,"11948 Audrey Islands Suite 526
Noahside, ND 22583",LOW,2021-10-10,2026-01-27
5de56598-5044-4c78-86f6-ee6555c8db85,Ashley,Coffey,xmaldonado@example.com,634.701.5592x226,1993-05-25,"5700 Swanson Isle Suite 936
Jasminefort, MP 99414",MEDIUM,2021-05-27,2026-06-13
17c80e82-579d-445c-9420-0fc0ce5cbdd1,Michael,Lee,davidreed@example.org,966-297-8786x603,1980-11-26,"USNV Chen
FPO AA 41619",MEDIUM,2022-07-21,2026-04-18
e63f2ef0-d1e8-4ad3-8a69-3e82e1c5d97b,Elizabeth,Sparks,arthurrodriguez@example.net,+1-795-703-1560x76236,1961-09-19,"58393 Stephen Skyway Suite 979
Cuevasborough, VA 66646",LOW,2022-02-15,2026-03-30
7f343ed6-6255-43d5-b8d9-23098d16a811,Ashley,Stone,barbaralarson@example.net,207.886.9212x967,2000-11-06,"510 Susan Mountains Suite 227
Travismouth, MI 39131",MEDIUM,2020-02-18,2026-04-03
ba560a4e-5c9f-4b77-b287-7c9cd41b39b3,Daniel,Obrien,mcdanielalexis@example.com,363-730-0923x4651,1981-09-04,"819 Diaz Fields
Kimberlyburgh, MS 17759",MEDIUM,2019-11-08,2026-05-11
0dc5f23a-3fc8-4632-abc1-f94a66c55e27,Roger,Pham,yhamilton@example.net,541.535.0757,1973-04-24,"94648 Jenna Point Apt. 407
Johnsonburgh, MD 48308",LOW,2026-03-14,2026-01-01
8bac0495-94e4-4790-98c7-d94914e7ed4a,Anthony,Barnett,lboyd@example.org,001-648-256-0999x05085,1989-03-31,"888 Stefanie Ford Apt. 278
East Jonathantown, FM 15443",LOW,2023-04-21,2026-04-24
4ddcc7a7-f03a-4c41-b2f0-d202103787a8,Timothy,Gonzalez,marilyn11@example.com,001-576-594-1795,1962-08-15,"5055 Samuel Lane Suite 059
Emilyview, MO 03496",MEDIUM,2025-01-02,2026-04-15
e8809ba5-3236-4a96-800f-1904104fd196,Sarah,Scott,royholmes@example.net,001-286-692-9804,1989-05-26,"732 Walter Isle
Howardhaven, MA 64798",LOW,2021-09-22,2026-01-13
ae682225-2c73-46eb-895f-6ed8f02f47f0,Robert,Taylor,matthew79@example.com,581.267.3762,1967-01-09,"20878 Amanda Circle
East Debra, CO 54404",MEDIUM,2020-02-29,2026-01-27
cb7fdab4-9646-4987-8a0d-d38bfca6cd54,Kent,Garcia,hoganmichael@example.org,+1-759-365-9356x74812,1985-06-15,"26949 Jennifer River
North Natalie, MP 08794",LOW,2023-08-22,2026-01-22
d76e640e-8b3d-44c0-aa3b-1a1cce0309c6,Anna,Ellis,herbert72@example.com,740.615.8359,1970-01-08,"13693 Jasmine Junctions
Mosleyville, ID 70903",LOW,2019-07-20,2026-04-28
7f6d0cdc-0bf7-47f6-b978-59794cb15550,Jacqueline,Burns,hgomez@example.com,(387)813-0545,1985-08-16,"4411 Steven Point
South Deniseside, NM 96643",LOW,2025-07-19,2026-02-16
55b5f13f-515f-49d0-b518-6a60c75aa54a,James,Bowers,martinbradley@example.net,+1-524-443-8668,1962-10-29,"849 Charles Stream Apt. 730
New Krystal, KS 95662",HIGH,2025-11-10,2026-02-08
edfce6f1-19ec-48f2-8d40-4aaacbe9053f,Ashley,Howard,ericbowen@example.net,278.830.0687x05122,1966-03-09,"674 Malone Canyon
Bakerview, FM 66094",LOW,2022-04-19,2026-02-20
d4620f77-1ac4-40e0-9067-7a8cfb79ee79,Robert,Harris,xbeasley@example.com,(765)957-7615,1976-11-28,"PSC 3384, Box 1514
APO AE 24506",LOW,2020-01-04,2026-02-08
d5b11efa-a77c-49a2-a6a0-8f0b31a4de77,Anna,Ford,jimenezandrew@example.net,001-670-678-0531x67239,1990-12-30,"12126 Samantha Radial Suite 764
New Devin, IN 84127",HIGH,2022-01-02,2026-01-16
159af2d9-6954-4250-a20c-7212fa5b7cbb,Bobby,Rocha,josephillips@example.org,(768)334-5282x9780,1985-07-02,"75448 Lisa Landing Apt. 771
Jaredshire, VT 23851",LOW,2024-09-12,2026-04-09
276c8a37-e711-4ea0-84fe-cbeb9edaee07,Laura,Mack,kathrynbowman@example.com,(699)927-9146x2095,1975-08-21,"3394 Susan Lodge
East Samantha, UT 32707",LOW,2022-11-03,2026-04-18
350038d5-2cd1-4c3e-a835-48c0ebaff5d9,Lauren,Knight,tanya43@example.org,(762)387-6504,1995-07-31,"81558 Stephanie Path
Colemanshire, WA 61200",LOW,2022-11-02,2026-01-29
04c83939-56ba-47f6-bbe4-d44ee9879d6e,Phyllis,Weiss,erin63@example.org,+1-844-999-8365x735,1971-11-18,"36758 Mckenzie Pines
North Erica, ME 83826",LOW,2024-08-19,2026-02-05
9dad26fc-95ff-4899-9b08-39c468ff30b1,Timothy,Hodge,chelseagolden@example.net,(475)626-9685x8319,1985-06-02,"47681 Tapia Pass
Amyland, NE 38976",MEDIUM,2021-07-27,2026-01-03
be0d9852-ba12-4913-aaa6-9c2155c4d7d8,Joseph,Gutierrez,ortizanthony@example.org,2756911968,1977-02-16,"143 Roach Keys
Ashleyton, OR 75877",LOW,2019-10-02,2026-02-21
19f93ea9-5210-4e48-b5ce-771394e56214,Justin,Walsh,jonathan10@example.org,941.340.2276x9082,1984-03-11,"98200 Todd Vista Apt. 892
Wallacebury, VA 00625",MEDIUM,2024-08-25,2026-05-29
eb07f71d-5fed-4701-9252-cc672c04c6d0,Robin,Walker,vargasjennifer@example.org,(323)354-1622x2782,1956-03-25,"PSC 5233, Box 1603
APO AE 48295",LOW,2024-02-13,2026-06-10
5eb2e098-9037-49d4-a1c7-6b2fd6e13a62,Tammy,Thomas,rebeccahatfield@example.net,+1-522-730-3868x6311,1956-08-27,"753 Thomas Trafficway Apt. 321
East Deborah, NJ 30236",LOW,2021-01-19,2026-01-18
b6a439ff-1ce7-4ccd-9145-17dab7406044,Sandra,Lowe,acantu@example.org,344-533-5544,1964-08-30,"09423 Vazquez Cape
Scottmouth, WA 70605",LOW,2020-04-21,2026-03-03
48ab1364-baf1-4f23-91c9-fbc7dff985a2,Renee,Marshall,pamelawilliams@example.net,+1-691-987-3235,1988-02-13,"18257 Nathan Drive
Paigeshire, PR 30003",LOW,2020-04-30,2026-05-23
fee7433c-2a18-4d49-a2e0-60e3a8ff2bbb,Jean,Rodriguez,monique55@example.org,4296957243,1998-02-16,"650 Taylor Burg Apt. 032
South Nancy, DC 66154",MEDIUM,2019-07-19,2026-04-20
c0343f86-e9a8-43de-aa1d-27501bb417c4,Linda,Martinez,spencerkaren@example.net,685-732-3726,1991-02-23,"78465 Mcdonald Hills Suite 212
Katherineborough, FM 69959",LOW,2025-01-04,2026-04-14
cdef7168-eec0-4b31-a35d-92ff54267353,Michael,Smith,barkerstephanie@example.net,(741)958-9064,1999-05-04,"08056 Steven Mission Apt. 792
Lake Andreaborough, AL 97010",HIGH,2020-10-11,2026-05-19
ab7e16f1-abc9-49cf-89b7-7ef5823411a6,Crystal,Fritz,johnferguson@example.com,+1-909-458-6741x042,1968-08-22,"5605 Barber Turnpike
North Margaretbury, AZ 23806",MEDIUM,2019-10-24,2026-02-14
5c9a1c2d-8589-4e43-b0c6-633336596c7b,Barbara,Barnett,adkinslinda@example.com,6975394711,2002-07-01,"444 Nguyen Street Suite 212
Jonesland, MD 55454",MEDIUM,2020-09-05,2026-04-24
07264e16-c8ed-44b3-8071-23ecd6a9fcc5,Frank,Finley,smithkathleen@example.com,533.819.3161x730,1976-01-08,"36233 Mendoza Canyon Apt. 523
Lake Jamie, MT 45641",LOW,2019-11-14,2026-02-11
fb1ef84f-29c0-4aed-be7f-8e3a8944009f,Taylor,Alvarez,turnersabrina@example.net,529-641-7374,1988-07-15,"62102 Smith Lock Suite 875
Pamelachester, VA 33833",LOW,2024-02-22,2026-04-26
e052c757-cd69-4d24-bf41-8d041439559c,Kenneth,Henderson,fwalker@example.net,240.400.2280x341,2005-06-02,"USNS Evans
FPO AP 86212",LOW,2023-03-01,2026-03-05
109f56f7-2f72-4981-97fd-d36501140dfb,Shawn,Sampson,raymond70@example.com,(773)701-4047x071,1993-07-11,"445 Allen Squares Apt. 804
Melissamouth, NM 64118",LOW,2023-08-03,2026-03-13
b38f6c47-f4b2-4e8a-89c8-5862ba4e5d79,Linda,Klein,dmiller@example.com,312.371.7927,1986-06-06,"1808 Adam Forks
North Brandon, ND 14857",LOW,2020-09-22,2026-05-07
5d7ded90-87e0-4017-9bcf-b918de49f357,Shelby,Garcia,carrillojoyce@example.net,001-318-486-0668,1998-04-23,"32849 David Parkways Suite 859
Mckinneyview, IL 24349",MEDIUM,2025-11-01,2026-06-05
5ce5beda-4bb3-4a53-9b73-3b7c1278c4bb,John,Vargas,samuelkim@example.com,608-746-5186x423,1994-07-31,"62086 Wilson Manors
East Desiree, MA 34297",LOW,2021-07-05,2026-01-28
60b91c0e-e069-4657-9d87-d6660636cf92,Michael,Smith,tperkins@example.com,652-846-7158,1977-10-08,"92051 Robbins Fields Apt. 964
Tannerport, ME 24879",LOW,2023-02-18,2026-02-01
6aa29c4d-9875-445a-8b0e-3243abf6ee82,Bryan,Burns,wperry@example.org,(455)282-5803,1971-01-08,"69156 Davis Stravenue
Elliottmouth, IN 43394",HIGH,2023-08-30,2026-02-14
734886c6-1082-4f3a-8fb5-3c6304c650f2,Robert,Kane,gregg97@example.com,+1-836-829-5218x277,1993-04-06,"38162 David River Suite 059
West Scott, IL 31568",LOW,2025-11-28,2026-03-18
d5cede25-c9e9-4cb6-b71b-ecc1cb1bff72,Jose,Lowe,willissharon@example.com,650-297-1603x00361,1964-11-17,"7900 Lawrence Crest Apt. 212
South Chadport, IN 89994",LOW,2024-08-03,2026-06-14
cc30cff9-ad88-467f-bc78-06aafda69cc2,Samantha,Pratt,abigail59@example.com,272.903.5784,1986-12-11,"54876 Johnson Avenue Apt. 795
Cummingsmouth, DE 55054",LOW,2024-10-25,2026-01-19
328a62ab-d893-400c-a8f6-3f3b09c11c03,Arthur,Graham,uherrera@example.org,001-984-781-5942,1974-07-15,"215 Day Ports
Lisaview, WA 63347",LOW,2019-09-11,2026-04-18
86817211-252a-438e-a91d-1c7d85c14aba,Kayla,Weaver,ryanberry@example.com,893-968-6376x76005,1968-06-02,"5184 Kim Highway
Collinsstad, VA 04700",MEDIUM,2021-02-13,2026-05-21
78134cc1-9d26-4201-98e5-62eab2841bb2,Brandy,Love,monica10@example.org,389.420.7333x09846,1981-04-02,"69419 Mcdonald Squares Apt. 051
East Abigail, SD 50405",MEDIUM,2025-02-04,2026-03-14
0aaf2e05-48f7-42e2-9148-643ddb29cbd6,Ryan,Matthews,fosterdeborah@example.net,001-494-530-9281x218,1981-09-16,"Unit 1900 Box 5708
DPO AA 40234",MEDIUM,2025-08-18,2026-04-06
da194db7-e92c-4459-88a4-23568c236947,Ashley,Johnson,smithjames@example.org,933-592-7435x344,1993-07-28,"538 Robert Courts
Port Sarah, MH 25940",LOW,2019-12-12,2026-04-22
2a679770-d403-4984-b2d5-30b65015ac1e,Reginald,Levine,watersveronica@example.net,563.735.9080x5635,1965-10-19,"76990 Adam Gardens Apt. 224
North Brenda, AK 68386",LOW,2023-07-19,2026-02-18
1d0ba989-fd1c-4207-97d3-9f6471af23ed,Cheryl,Fuentes,parkermichael@example.com,227.868.6880x5389,2004-03-13,"6312 Brandon Wall
Thomasbury, CO 83890",LOW,2022-12-09,2026-05-04
321d8d00-fa0d-470a-88c0-d5787a7a0e0e,Deborah,Johnson,jamesgray@example.net,528.679.1240,1955-08-21,"466 Cameron Plaza Suite 122
Oliviatown, ND 59145",LOW,2021-12-06,2026-06-05
72df6bc8-4aa2-4be6-8e03-43dfe524b2b5,Wesley,Murray,rchavez@example.com,415-677-4348x31148,2006-02-16,"076 Robert Walk Suite 753
Christopherton, VI 38681",LOW,2026-02-20,2026-03-01
6d8fb4c2-6805-4cd8-83d2-7055ec52c2e2,Christopher,Perez,dakota16@example.net,542.910.7260,1987-07-15,"612 Garcia Shore Suite 622
Ramirezmouth, MO 24916",LOW,2020-10-07,2026-03-11
97373898-032d-4d12-8529-6444ea26ff0c,Jason,Patel,taylordeborah@example.org,+1-427-491-0913,1964-09-08,"88649 Jennifer Ferry Apt. 526
New Kristy, WA 97534",LOW,2021-06-30,2026-02-28
98cbe646-2bf3-487c-aaac-6d4f5a381ba7,Erin,Best,mariecarr@example.org,570-421-5784,2004-08-21,"21476 Natalie Track Suite 199
Gilesmouth, GA 30212",LOW,2022-09-03,2026-06-08
43b39f74-d854-4e4d-9ea9-4a80929d8d33,April,Jones,eparks@example.org,704.549.1682x9001,2007-11-14,"189 Barker Forge
West Christopher, AL 58338",LOW,2021-02-20,2026-05-20
d41b2711-6e83-438c-990c-5443889241b2,Julie,Singh,emarshall@example.com,001-300-892-7031x2729,1967-06-09,"837 Dodson Lane Suite 036
West Debbiemouth, UT 95688",LOW,2022-01-28,2026-01-05
bdf1e283-4c29-4a4b-aefa-8e96ed3d945d,Adrian,Hines,pmartin@example.net,(933)798-7079x77846,1968-01-08,"PSC 0531, Box 4471
APO AE 31798",MEDIUM,2024-01-01,2026-01-21
92d87ae3-05fc-4c6d-abde-23693e62c603,Stephen,Hoffman,kenneth77@example.net,(773)206-6476x91407,1964-11-19,"32747 Courtney Via
Kelseyville, NY 08448",LOW,2020-06-30,2026-01-11
381e673b-e16d-4423-824d-4e469f834b0c,Jared,Mendoza,vgrimes@example.com,466.551.8348x755,2004-09-08,"06814 Michael Branch Suite 590
New Kellyland, IN 23693",LOW,2020-02-18,2026-02-09
ca43c358-fe57-4132-a938-08c3d5af5128,Roger,Black,sara44@example.org,+1-308-378-9319x702,1967-02-15,"176 Conner Street Apt. 047
Charlesmouth, NE 15512",LOW,2019-09-09,2026-05-02
8ea2c831-4f03-4dc4-aa30-045c28fa5b83,Kimberly,Long,lharris@example.org,(385)584-2097,1996-11-22,"8966 Velasquez Circle Suite 686
West Julie, OH 38600",LOW,2024-10-01,2026-04-08
ba7076b4-1272-42f6-9fa0-f67d4d0c4706,Michael,Stevens,ohale@example.com,524.251.8238x7784,1957-11-05,"2943 Wells Ferry Apt. 792
Carolynside, MO 10223",HIGH,2022-01-07,2026-04-21
c1c26e34-c301-4892-aab9-c7bcbb98214e,Jeff,Arroyo,parkerclark@example.net,001-893-213-4431x2176,1981-03-08,"3697 Robin Courts Suite 421
Oliverborough, CT 06726",MEDIUM,2019-07-06,2026-03-07
1b043362-da5e-4f6d-9a34-e5675a1eb3db,Carol,Fowler,johnsonlarry@example.net,(981)328-8038x0833,2007-07-04,"0963 Kurt Skyway
Christianport, NV 94690",LOW,2025-07-10,2026-01-05
2689ccae-a7e6-4560-a292-3779abf394ce,Debbie,Johnson,cynthiaevans@example.org,(302)797-8993x66422,1966-07-24,"308 Ashley Orchard Apt. 400
South Tiffanymouth, CT 93031",LOW,2024-01-12,2026-04-30
0fea047e-a7c4-4dd6-a1a5-ae8ec536d5ec,Patrick,Munoz,dlopez@example.com,+1-273-944-2777,1967-07-31,"2569 Robert Cliffs Suite 891
West Erica, PA 27186",LOW,2020-03-25,2026-06-05
d1b55d12-bfe8-4501-b922-22aff8a5c2a9,Jason,Moss,keith67@example.com,739-577-1653x3177,1989-12-05,"1125 Kevin Pines
Port Jameshaven, WV 48184",LOW,2024-10-03,2026-01-01
0d3572c8-180c-49e4-8bd1-993b39302864,Paul,Dixon,michael33@example.org,(634)243-7684,1998-10-07,"7203 White Drives Apt. 082
Kaufmanhaven, MH 26431",LOW,2025-11-02,2026-03-26
9ceaa9b8-8ac1-4d00-a8e2-d01ecef68734,James,Allen,monicaarmstrong@example.com,+1-483-611-4079x46220,1958-06-24,"69816 Michael Cape
Port April, MP 08268",LOW,2023-07-09,2026-05-31
ce7a1389-6d8d-4f98-992a-91f17c6a55e4,Eric,Johnson,stephanie38@example.com,001-258-861-0842x7003,1966-08-03,"615 Hickman Bridge Suite 423
Campbellmouth, CA 36250",LOW,2023-05-12,2026-04-13
5f600cca-44c8-4de6-9234-d993a05079dc,Candace,Matthews,christinabaxter@example.com,+1-693-433-3254,1982-05-28,"51639 Harrington Islands Apt. 875
East Kerriton, VT 97580",MEDIUM,2025-06-20,2026-06-05
798d00cf-37e7-4eaf-9dce-70ae81802055,Brian,Sanchez,julierobinson@example.org,(265)424-8962x7205,1988-05-04,"7458 Christian Bypass
Port Matthew, MS 25052",LOW,2022-11-05,2026-05-13
b121169c-f4e4-4fdf-b9fe-e29986642bf0,Anne,Marks,scrane@example.net,757.685.0130x053,1969-03-15,"USNS Odom
FPO AA 81349",LOW,2022-09-08,2026-05-11
aeb53f4d-968b-4c98-b168-f71b5bda8833,Robin,Kim,dgonzalez@example.org,+1-922-955-2744,1996-08-11,"01462 Mercado Trail
Port Chadshire, MS 90052",MEDIUM,2024-10-09,2026-03-31
12c430e2-d36a-4609-bd67-bad4abbb3706,Wesley,Pope,gainesmichael@example.org,5999116868,1996-10-10,"099 Hopkins Mission Suite 552
South Cynthia, PW 44293",MEDIUM,2021-07-01,2026-05-26
8e62cbde-4fc6-4b62-805f-15474e3eff3c,Jason,Bennett,kennethserrano@example.org,+1-533-612-1716x9131,1987-05-11,"212 Winters Land
Acostaside, TN 58189",LOW,2020-07-31,2026-03-07
81453a9c-bdc3-4b4f-b9f4-67c937770da5,John,Dennis,uwells@example.net,835-615-3219x781,1979-10-13,"34922 Chen Club
West Ryan, MO 78493",LOW,2023-08-24,2026-03-17
57db1525-84e2-45f0-9bd0-d887ffc1d501,Alice,Hall,echan@example.org,3205836671,1998-07-16,"9720 Danielle Isle
Lopezburgh, WY 96290",LOW,2020-04-18,2026-02-20
73c6cd14-c6b1-4e56-b242-dae285108651,Adam,Wright,donna84@example.net,001-890-562-8950x6646,1958-07-22,"482 Bruce Lodge
Donaldberg, PR 59164",LOW,2025-10-27,2026-01-09
63d4f0ba-5be3-4880-bb53-17fe8478724e,Stephanie,Cook,sortiz@example.org,001-953-859-5445x71968,1987-10-08,"6637 Hannah Overpass Apt. 207
Rodriguezborough, FL 13617",LOW,2025-09-01,2026-05-24
6ed11499-bc71-471c-a149-3d433d9a0f5d,Jessica,Odonnell,simsjason@example.org,393.367.7105x46187,1969-04-22,"315 Rebecca Spring
South Alex, TX 04638",MEDIUM,2022-09-16,2026-02-14
cf513cdf-9d34-441e-92e8-3c0d6cea4584,Luke,Vaughn,ericturner@example.com,263.426.9245x34226,2003-09-25,"8723 Copeland Summit Apt. 117
New Edward, VT 93471",MEDIUM,2025-07-17,2026-04-10
189e4860-603c-47f5-b037-f103cb2c4fa6,Crystal,Garrett,nicholasclark@example.org,001-340-879-7516,1976-09-02,"989 Henson Corners Suite 389
West Brenda, AR 70016",LOW,2021-01-15,2026-04-27
a2ad6092-1291-4026-80ab-99a74fa77c30,Debbie,Mckee,mendezmelanie@example.net,(524)218-5974,1970-12-27,"23468 Laura Field
South Tina, MS 82373",LOW,2025-08-08,2026-03-02
db877f12-588c-4e75-a323-b770b6295710,Sean,Salazar,baileywhitney@example.com,238.265.0173,1975-01-31,"52026 Ramirez Shoal
North Michael, TN 87127",LOW,2019-12-13,2026-02-18
e7042fa5-90ac-4290-8ab0-9ff156e4ef58,Michael,Francis,thomasnicole@example.net,813.447.8769x462,1999-11-06,"99113 Hall Mountains Suite 216
Adamtown, NC 33616",MEDIUM,2023-06-01,2026-04-05
ccacc11c-96b4-4b79-9578-8ac5e9fe7e0a,Tracy,Boone,gregory80@example.org,5765774345,1990-11-11,"9324 Ashley Vista Apt. 983
Rebeccamouth, KY 75863",LOW,2022-07-25,2026-01-26
cff093f0-081c-4676-b739-9945e19e9795,Brian,Jordan,timothy35@example.org,455-961-6130x894,1991-08-04,"73231 Jordan Course Suite 566
Williamsfurt, AS 04457",LOW,2020-03-25,2026-01-14
0c7a645d-f86f-48aa-967e-6bc40c97e096,Paul,Alvarez,holmesnicole@example.org,(200)765-5319,1959-12-18,"97505 Frazier Trail Apt. 190
Spearsshire, DE 00550",LOW,2023-02-15,2026-01-22
958ac3fe-952f-4279-a0d5-1140db9863b7,Kayla,Shepherd,lindsey68@example.org,+1-742-808-8308x1747,2003-08-08,"666 Gray Isle
East Lorihaven, MH 49881",MEDIUM,2025-05-07,2026-01-28
51cb20a7-f648-4ad6-8cdc-0fb88ba38591,Maria,Harris,bryanlawrence@example.com,+1-219-552-8829,1998-01-02,"PSC 6770, Box 9435
APO AP 17249",LOW,2024-05-04,2026-02-09
5fc3c67c-9e56-4eff-9fa9-fd5d615b9239,Dominique,Williams,dlewis@example.net,963-845-6920x54231,1984-01-26,"258 David Hollow
South Debbietown, MA 54447",LOW,2023-02-19,2026-02-18
f47d2f0b-899c-46a9-81a2-65f7d789f8c0,Mary,Anderson,alozano@example.net,768.985.9781,1992-12-23,"502 Lopez Track
West Hollyborough, MO 39571",LOW,2021-10-29,2026-04-02
4bd3210b-378c-4d90-9900-d9a300bd4ea7,Jay,Lowery,eolson@example.com,001-607-380-4290x7480,1988-02-08,"91597 Yesenia Groves Suite 583
Conleyshire, VA 70712",LOW,2023-07-10,2026-01-10
4aad66dd-8e5c-4b55-9147-9e508d10f200,Mary,Gordon,pmitchell@example.org,+1-772-437-1289x607,1981-03-18,"621 Kevin Square Apt. 194
East Sarah, DE 56812",LOW,2020-07-05,2026-03-03
530bd22c-1c4b-43bd-bd0e-9e830c527625,John,Cooper,gnelson@example.org,001-459-501-5960x344,2006-12-19,"58376 Hailey Gardens
Johnsonburgh, OK 82505",HIGH,2022-05-24,2026-03-16
4b9b5526-7db2-492e-93b7-0a74bed0ba39,Nicholas,Mitchell,patriciaharris@example.net,305.862.5551x7220,2003-02-22,"PSC 2602, Box 9085
APO AA 47185",HIGH,2022-01-21,2026-05-25
90356002-f775-400d-bc4d-9f197b8df44f,Michael,Graves,larry88@example.com,592-570-1309x20022,1981-12-16,"702 Herrera Springs
North Eric, VA 57550",LOW,2020-01-09,2026-01-05
e7b67320-fe47-4041-8696-d5879c48bb04,Linda,Fry,nicholas01@example.net,585-826-2187x28363,1955-10-28,"964 Kimberly Forks Suite 325
Lake Christina, TX 52406",LOW,2020-07-16,2026-05-09
bf6fdd12-5890-4c4e-ae98-5389b77ae847,Jennifer,Lee,michelleclark@example.com,(873)573-0225x65477,1979-07-08,"5727 Stuart Road Suite 834
Ryanmouth, HI 91598",LOW,2024-10-04,2026-01-16
296c5b97-2d45-4c1d-b618-b2265664a8ad,Christopher,Avila,james34@example.net,+1-628-955-2997x931,2006-12-24,"968 Paul Walks
Arellanohaven, NE 69582",LOW,2025-11-12,2026-05-13
7bdce61f-10b8-430b-afe5-609e28b90084,Bridget,Johnston,lauren13@example.org,(341)455-2462x80274,1963-07-26,"6584 Maynard Motorway
Port Aaron, WY 42489",LOW,2020-11-22,2026-03-06
a99717f3-45b1-42da-81bb-5f371ee6e9d7,Marc,Harris,marcberger@example.net,362-295-1914,1955-07-09,"63000 Kristi Tunnel Suite 537
Clarkport, VT 45500",MEDIUM,2025-05-01,2026-05-14
dfcc3458-d161-4609-b0d0-1809d2565f86,Jamie,Lynn,jwhite@example.com,(908)990-5861x9708,1977-05-17,"863 Nicholas Coves Apt. 581
East Amber, PA 28530",LOW,2025-02-15,2026-02-01
177f4e9e-4b50-468e-8d28-632c37b473e0,Carrie,Williams,agross@example.com,869-466-8980,1957-06-19,"1891 Roberts Parks
Jonesfurt, CA 90335",LOW,2022-08-17,2026-05-21
c50fe46b-5ab8-477b-860c-2355ee938ac4,Brandon,Harris,srodriguez@example.com,2554642155,1964-04-19,"24376 Graham Path Suite 327
Frankport, NV 30402",HIGH,2024-04-17,2026-02-24
c0ba0f53-85fd-425f-accd-5eec06aa1fe5,Donald,Gonzalez,charleschapman@example.org,+1-449-241-2962x909,1962-12-31,"372 Wall Corners
Timothychester, GA 98823",MEDIUM,2024-12-27,2026-03-30
2cbcd31a-e7b9-4c0e-b343-ea53fbcb8e6f,Jessica,Santos,danielsimon@example.org,(588)478-7950,1973-11-11,"36032 Shaw Station
Lake John, VT 24849",MEDIUM,2023-06-23,2026-06-09
5dc6ab3f-4af9-470a-a28a-2302e179d6ca,Kelly,Castillo,tiffanyparker@example.org,+1-631-974-3852,1978-01-16,"8194 Deborah Villages Apt. 988
South Robertfurt, NC 41448",LOW,2024-12-12,2026-02-11
c08a24bb-7c62-4c67-b7e9-eaab5b688df7,Krystal,Perez,johnwilliams@example.com,447.213.9326,2004-04-26,"40239 Joyce Stravenue Apt. 384
South Mary, CA 83783",MEDIUM,2025-03-04,2026-05-17
28b5b195-2961-46a9-a176-37cd1930393d,Deanna,Cruz,gary74@example.com,001-958-673-9248,1963-10-02,"88981 Frances Station Apt. 932
New Shannonview, OH 84062",MEDIUM,2020-04-10,2026-03-24
7c6e8b92-6f55-4349-a0cf-110b34131de2,Lynn,Stewart,millerderek@example.net,001-708-979-7655x61579,1997-08-19,"54789 Warren Way Suite 095
Davidbury, WV 75446",LOW,2024-10-31,2026-05-24
d7ea3d25-26a1-48cd-b848-9f586e7a4926,Kyle,Dodson,wadesarah@example.org,(753)833-7061,1979-07-12,"246 David Vista
Riveraborough, AZ 73821",LOW,2022-09-10,2026-01-27
5b1072eb-b2fb-419f-bee1-d95edd4f2049,Laurie,Fields,matthew79@example.net,402.989.4423,1955-08-19,"5440 Robert Mountains Apt. 185
Rebeccastad, GU 29763",LOW,2024-09-22,2026-02-08
dd8b0a36-2612-40a2-af31-399edd9e48f9,Veronica,Mcdonald,aaronray@example.com,(651)248-5168,1956-02-29,"66802 Dustin Junctions
Port Kelly, NC 60856",LOW,2024-03-17,2026-02-27
bed7986e-6e84-451d-b435-40358ce9a29b,Katie,Perez,laradaniel@example.net,900.527.7918x960,1987-01-31,"418 Gray Hollow Suite 882
West Timothystad, OR 47820",LOW,2024-06-09,2026-03-13
a11e6384-d41b-4816-acc4-3b5bcc46a247,Edward,White,randyburns@example.org,383-631-2163x15545,1990-11-10,"486 Lauren Mount
Mooremouth, NE 63152",MEDIUM,2024-01-19,2026-02-24
a22500cb-1f86-46c8-afe4-750b3a2ffbd0,Christopher,Russell,davidward@example.org,2382207855,2000-12-11,"4557 Clark Camp Apt. 840
East Dillon, MO 27815",LOW,2025-11-25,2026-01-13
7d7698a9-f026-4490-b041-200366f10136,Darrell,Howard,jordankaren@example.com,001-995-561-5227,1996-12-25,"21113 Christopher Pines Suite 720
Port Christopherberg, NH 16866",LOW,2022-11-24,2026-01-20
e43e7215-73fc-45f7-a5eb-a4a8771c3aac,Heather,Flynn,kberger@example.org,001-938-433-4695x7825,1962-02-10,"75929 Hahn Plains Suite 600
Port Davidview, MD 94313",LOW,2022-03-31,2026-03-12
d2774e6c-6602-43ba-9c12-7de01ddb7e11,Brittany,Chapman,agreen@example.com,001-739-692-6401x9606,1976-06-21,"41880 Christopher Street
New John, VT 26026",LOW,2024-06-01,2026-05-18
91e32d47-80ea-4ce0-bdd3-5764516979fd,Courtney,Jackson,danielle93@example.com,956-950-1850,1991-05-20,"944 Mike Flat Apt. 458
South Ronaldhaven, MP 99273",LOW,2019-11-15,2026-02-28
b54e84fa-57b4-4c5c-b18b-4e9ae31fbe84,Ashley,Taylor,lclark@example.org,(543)738-5248,1977-05-29,"44383 Burton Roads Suite 162
New Aaron, SD 70354",LOW,2024-12-17,2026-01-14
b94258c3-75f4-48b9-af5d-d48cf8b333bc,Christine,Johnson,frenchjohn@example.net,001-722-532-3815x454,2006-05-02,"74605 Deleon Coves
Davisland, WA 59314",MEDIUM,2020-10-20,2026-04-07
20b02146-e1ac-4246-9f79-292d712d01c2,Teresa,Miller,keithruiz@example.net,757-820-0226,1961-03-21,"579 Andrew Port Apt. 625
New Victoria, MH 02109",LOW,2023-03-02,2026-04-16
7acc675f-a97f-4b73-b6a7-133a068236e8,Bryan,Morton,aliamanda@example.net,657-573-9875x25487,1995-03-21,"1780 Walker Lights
North Audrey, WA 88132",LOW,2022-04-01,2026-01-22
de514ee9-2da8-462c-8e6a-fa69b5ae4f1b,Julia,Washington,caroline52@example.org,513.551.3037,1966-09-09,"4592 Dana Path Suite 611
Reynoldshaven, ME 76101",LOW,2023-01-01,2026-02-21
15c3dc34-6b97-45c1-b72a-773883456383,Paul,Jackson,steven53@example.com,(691)437-4151x771,1958-04-21,"535 Frank Pine
Michaelborough, ME 53573",LOW,2020-03-02,2026-02-11
4504beb2-46f7-4021-be5d-78641803b1c8,Jacqueline,Baker,qbeard@example.net,9392166332,2002-10-13,"074 Khan Trace Apt. 345
Port Andrewmouth, SD 24654",LOW,2022-08-03,2026-01-06
6c99c632-b7d1-47b6-959e-94e709d61f4c,James,Rodriguez,snowmatthew@example.org,001-841-744-6372x739,2002-06-16,"45348 David Islands Suite 893
Emmastad, WA 85123",MEDIUM,2021-12-06,2026-01-26
24477fd8-e2b2-4161-a9e3-57127e696874,Melissa,Johnson,calebavila@example.com,461.245.7905,1986-11-28,"73246 Phillips Run
Carlport, AR 84658",LOW,2026-01-14,2026-03-12
7d4ca99b-457b-4104-adcb-0cd757ddca0f,Erin,Anderson,laurenyoung@example.org,001-368-255-8038,1973-08-04,"7104 Richard Ports Apt. 908
Allisonburgh, IA 30744",LOW,2020-11-04,2026-03-15
6989bfa0-cb33-47b5-a14f-e36949cebe6f,Roger,Jones,bcunningham@example.com,001-587-313-0336x08855,1994-08-06,"13620 Laura Stravenue Suite 167
Lake Emilyburgh, TN 16403",HIGH,2019-10-30,2026-02-28
218655d5-6fb1-4c5d-aefc-217f66181825,Zachary,Harris,kathy21@example.com,2444647940,1967-08-17,"5962 Lamb Grove Suite 919
Cameronmouth, SD 00556",LOW,2022-07-04,2026-02-17
61469841-77e6-48cb-88e0-1cddddda1eca,Justin,Parker,watsonsean@example.org,990.252.6244,1985-03-03,"37901 Cummings Shore Suite 753
Martinezland, TN 08789",MEDIUM,2022-10-25,2026-06-12
dc1cb73a-8def-4129-80ed-655c93a04f5b,Louis,Mueller,daniel91@example.org,(648)960-3151,1998-02-06,"03888 Wright Ramp
Medinaside, IA 02351",LOW,2024-01-30,2026-04-04
51c8c6f9-9ae9-40ba-9677-a2ac4f204b30,Jennifer,Powell,lblair@example.org,565.200.8761x49131,1955-10-01,"2729 Dustin Mountains
Lake Lorraine, MD 86655",MEDIUM,2021-05-03,2026-04-20
ed1aad8c-be64-4dfa-ae97-13ea427508c2,Ashley,Sanchez,teresawall@example.com,001-661-952-1787x4764,1983-07-13,"6022 Robertson Lake
South Ashleychester, SC 39645",LOW,2024-05-30,2026-06-13
3f1b275a-5506-4f89-8266-e4727a126c9d,James,Hunt,wesley45@example.net,328.757.6695x836,2003-10-21,"67210 Thomas Manors Suite 873
Taylorstad, OR 19928",LOW,2021-10-07,2026-02-22
46c6f46a-4411-4052-8e0d-a21c46d40da9,Alexandra,Sheppard,michaelcampbell@example.org,(790)581-1547x237,1989-11-13,"21626 Elizabeth Squares
Jamesburgh, AK 61539",MEDIUM,2024-04-20,2026-06-10
95ee7264-4ee1-48de-b217-365236efc14b,Eric,Nelson,bradleybriggs@example.net,+1-522-546-4284x8520,2003-08-03,"7879 Jennifer Haven Apt. 882
South Kimberlychester, WY 68382",MEDIUM,2023-12-05,2026-03-12
19d693a1-e187-4e7e-b192-5f4def45d64f,Linda,Green,tsmith@example.org,3696053538,2007-05-29,"921 George Ports
Josephberg, NM 02393",MEDIUM,2025-08-03,2026-03-18
c251ee4b-696f-4bf5-84b1-d198c3ae50c0,Shelby,Lutz,ellisvictor@example.com,812-504-7404,1993-05-06,"7603 Matthew Springs
West Colleen, KS 36549",LOW,2020-07-17,2026-05-28
a0ffbeb5-bde0-4842-9475-618639c343d4,John,Barnes,snydereric@example.org,756-714-7849x6100,1959-08-06,"USNV Torres
FPO AE 49651",LOW,2023-04-03,2026-01-22
9bd51d74-dd6c-4ea5-8a6a-72b4cf13fc47,Kurt,Ruiz,xaguilar@example.org,392.416.9539x145,1967-07-07,"50382 Robinson Ville
Kaylamouth, TX 66035",LOW,2019-08-20,2026-01-06
7abd1d77-9c30-48d8-a428-085ec29ffd5f,William,Anderson,leeaudrey@example.com,(806)375-9697x59354,2002-03-24,"300 Smith Islands Suite 454
Taylorhaven, IN 06951",LOW,2022-10-15,2026-03-31
3b1b57d1-6275-477d-9932-950d3651f1a5,Daniel,Allen,elizabeth12@example.net,+1-970-621-8952x26538,1966-02-22,"Unit 8950 Box 4854
DPO AE 72513",MEDIUM,2023-09-20,2026-05-13
2d26f113-4fd5-42b1-9419-36d509688374,Cynthia,Smith,woodhenry@example.net,2694042182,1967-11-17,"USNS Warner
FPO AE 98869",MEDIUM,2020-12-10,2026-05-11
58cf6c94-2bf6-4739-bf1e-a978a459691d,Nicholas,Case,lisajohnson@example.com,+1-906-376-6874x4283,1994-12-04,"48432 Robert Highway Suite 378
West Christina, MP 29236",LOW,2022-01-26,2026-02-06
9a4c5890-307b-467a-b6ed-e71884a85966,Amanda,Cox,johnsonaustin@example.org,001-531-917-0403,1978-03-31,"561 Spencer Run
East Suzanne, CO 23569",LOW,2021-03-06,2026-04-19
52872f2a-3762-4185-aaf4-445e25a54181,Timothy,Douglas,jenniferkerr@example.org,8599186874,2007-12-19,"14772 Michelle Ramp Apt. 330
Marshallton, MH 02446",LOW,2020-11-15,2026-04-21
5a80d63a-8ac8-42f3-9f81-fd079db6b06e,Andrew,Pratt,david08@example.org,(241)343-8729,2006-12-06,"PSC 4024, Box 9065
APO AA 09364",LOW,2020-07-09,2026-03-27
6a76f043-7051-407e-ab3a-a42d12b0d3bb,Marissa,Robinson,ncrane@example.com,939.799.1763,1959-11-12,"654 Bailey Mews Apt. 630
Simpsonfurt, FM 24460",LOW,2024-05-30,2026-02-22
68cb3222-d80b-4fa5-9a63-0c49d223c243,Darius,Nolan,umartin@example.org,407.821.3213,1998-10-27,"4708 Emily Station
East Corey, MD 33881",MEDIUM,2021-04-18,2026-03-07
58321c49-1cd0-41ab-b18f-7bb32668046f,Austin,Diaz,ismith@example.com,001-983-539-8498x786,1955-07-07,"Unit 0399 Box 0600
DPO AA 17460",LOW,2024-02-28,2026-05-07
91cc428d-6063-4baf-af44-7f15b2e2ce61,Samantha,Johnson,ystafford@example.net,(971)915-5384x01598,1994-06-13,"17691 Williams Ferry
Fletcherchester, MS 70991",HIGH,2020-02-21,2026-05-28
6ae6a0d2-2d8e-428d-86d3-8a33a0bd28fe,Cheryl,Mathis,boothmelissa@example.com,430-655-1997x41852,1994-12-14,"510 Jenkins Loaf Suite 977
East Jessehaven, KS 49327",LOW,2019-09-07,2026-03-24
86ad747c-4a82-4113-bf1b-6dbc1823ea3e,Tiffany,Mason,jeffrey73@example.org,001-846-941-9104x24805,1973-08-04,"00767 Nathan Estates
West Pamelaland, PA 06395",LOW,2021-09-15,2026-05-11
31219718-bfce-458b-ab31-ffb363a53e28,Hannah,Clark,perryscott@example.com,974-278-5782,1966-12-09,"5725 Randall Plains
Lake Hannah, VT 17679",LOW,2019-07-05,2026-05-23
1f050414-c2a4-4e33-8fdc-e842d559c4cf,Lauren,Herrera,cochranjulie@example.com,(452)923-2444x2739,1990-12-07,"28331 Christopher Walks
South Sharon, MP 70402",LOW,2022-04-04,2026-06-14
483d1bc7-a70f-419d-86a0-95acc29e44a8,Pamela,Johnson,aaronduncan@example.org,+1-980-245-8847x58160,2001-01-27,"164 Joyce Ferry Suite 805
Port Michaelville, AS 78675",LOW,2024-08-07,2026-03-13
1ae6b8f2-3b31-4fa0-b201-91cccb1e7f49,Joyce,Pham,karenmiddleton@example.org,2712064833,1974-09-05,"54891 Jordan Union
Smithbury, MH 58795",MEDIUM,2022-08-08,2026-03-11
e34fc456-08b2-4a49-b297-da4a7b43dadf,Robert,Knight,wandabaker@example.org,267.982.3360x576,1974-01-03,"USS Nolan
FPO AA 86527",LOW,2026-04-03,2026-06-15
e82ba398-3539-4fdf-8b26-b203f9f45a68,Daniel,Lane,justin07@example.net,2898853956,1963-12-04,"996 Webster Circles
South Allisonville, WY 75627",LOW,2020-09-09,2026-06-20
5324e667-d6b7-4e06-99d3-d20eebbbeecf,Paul,Robinson,sharon23@example.org,001-589-263-7187x9692,1989-08-07,"991 Andre Villages
West Charles, CA 31308",HIGH,2024-03-10,2026-06-11
b281e059-a2b5-4d51-85ec-0860b64b8813,Brianna,Valenzuela,colinmoody@example.com,001-831-266-0582,1961-05-04,"578 Jessica Valleys Suite 135
Danielbury, KY 78864",MEDIUM,2022-02-16,2026-02-03
944a4ed4-38c5-4725-930b-24e784dd07bb,Robert,Smith,katherine67@example.org,4745488461,1992-11-13,"34464 Martinez Drive Apt. 339
Bernardport, MS 78570",LOW,2022-01-08,2026-02-27
c8bdf244-430a-4b02-8f2e-aeb8558219ea,Tyrone,Berry,mark08@example.com,001-517-944-2233x647,1983-03-30,"5231 Carpenter Park
South Shannonmouth, NJ 33763",LOW,2019-11-05,2026-05-25
ea66fbc1-a239-4f87-b3ab-5182aa7d24f8,Ashley,Hall,collinsjohn@example.com,774.618.1126,1978-05-16,"99354 Lauren Extensions Suite 432
Michaelchester, AS 16884",LOW,2021-12-31,2026-02-12
dada5ef3-37e2-4f6a-b5ea-86a97c6d3896,Angela,Adkins,scotthuff@example.org,7679871413,1969-09-12,"01877 Landry Plains Suite 601
Port Danielmouth, MN 14142",LOW,2021-10-26,2026-04-23
8b9184ae-c237-4840-a091-8cce5ccf0f6e,Stephanie,Williamson,ryan72@example.net,+1-223-687-5661,1990-03-03,"3835 April Viaduct Apt. 811
West Joannaville, UT 33527",MEDIUM,2021-05-07,2026-04-05
5d77b7b8-6004-431a-a2ff-c381658a8df7,Kristin,Nguyen,zoesoto@example.com,387.708.5152x3114,1955-11-20,"1114 Gomez Fords
West Brenda, MA 08541",LOW,2023-06-01,2026-06-10
7e719de1-307f-4686-8d0f-432e01c4f286,Scott,Phelps,hclark@example.net,(625)429-4199x464,1976-05-31,"32448 Rose Throughway Apt. 839
Shawnstad, IL 53860",MEDIUM,2021-05-29,2026-03-08
087bc749-637d-43ce-8719-46ec3eb91125,Daniel,Franklin,john33@example.org,001-982-403-2591x334,1999-04-09,"56951 Stewart Underpass Apt. 608
Kristinberg, GU 48248",LOW,2024-06-30,2026-03-19
e1dc6bd4-e50c-42e6-ab34-2432b0bcebe0,Maxwell,Fowler,jessica04@example.org,691.773.7190,1963-03-11,"9468 Reynolds Forges Apt. 852
East Miranda, MO 83442",LOW,2020-07-31,2026-06-19
e115d598-4735-452a-afde-5cab42317f5c,Benjamin,Cochran,wramirez@example.com,223-498-4116,1997-08-11,"96425 Melanie Court Suite 713
Port Matthewbury, OK 78351",LOW,2019-11-29,2026-03-02
15c3495a-cfcd-415d-a9d6-076f07b09cac,Kathryn,Mendoza,alexis56@example.net,753.760.1046,1955-09-17,"882 Kevin River
West Thomas, OK 81616",HIGH,2025-10-19,2026-06-14
cbf78d9f-b4a0-433e-9ac9-0faeab02c63c,Jennifer,Baldwin,rpadilla@example.com,(711)490-3659x6151,1985-09-04,"4388 Nichols Freeway
Moraleston, TX 49632",LOW,2025-09-08,2026-02-19
d1a6b347-172a-441a-bd74-d461b49fd11f,Jimmy,Camacho,ksmith@example.com,(396)671-5798,1970-05-02,"1085 Martin Oval Suite 382
Hornborough, RI 85636",LOW,2020-06-04,2026-03-04
c8323f66-c97f-43db-b3b2-851414742db0,Dean,Simmons,pamela49@example.com,535-220-7766x5587,1990-05-02,"5282 Brown Union
Lake Jamesborough, NH 62907",LOW,2026-06-10,2026-01-24
0f1e9ecb-88f8-49fb-bb75-65083c3cb412,Jennifer,Welch,williamramos@example.net,+1-532-960-7462x699,1989-07-15,"406 Butler Plains
Hallfurt, IN 90850",MEDIUM,2020-11-05,2026-05-01
2a658c19-5113-4813-bd36-0c05869d7712,Bryan,Thompson,meganhartman@example.com,001-556-886-7457x1162,1961-07-08,"715 Anne Tunnel Apt. 981
Lauraton, OH 31903",LOW,2026-01-21,2026-06-06
34212ae0-0bb8-42a2-86b6-d526df8477ee,Shelby,Jones,whiteebony@example.com,483.842.6975x6122,1979-06-18,"279 Kane Island Suite 087
Thomasmouth, IA 48319",LOW,2024-01-20,2026-02-17
ab9752ff-b5c6-41d3-a8f4-dd77db6a10f2,Edward,Mcdaniel,crystal94@example.net,803-908-3815x47095,1975-01-24,"85671 Hardin Overpass
Connieview, SD 81587",MEDIUM,2024-11-25,2026-03-18
3522ce25-7d28-48ed-b026-6256d58b3934,Brendan,Scott,kimberly59@example.com,840.677.5101x42682,1988-05-16,"28598 Robert Valleys
Laurenland, AK 81809",LOW,2026-03-13,2026-03-08
5a6bf114-0512-46c5-aaa5-b4ab1d4785f1,Cathy,Sullivan,ryan48@example.net,900-483-1438,1979-02-15,"700 Michael Roads Apt. 602
Stevenview, LA 16345",LOW,2021-04-27,2026-05-09
54f08e47-5dfb-4b19-a676-877539cd86ba,Elizabeth,Cortez,christinesmith@example.org,(772)709-0640,1994-06-25,"042 Shannon Road Apt. 063
North Anna, CT 47782",LOW,2022-07-08,2026-05-19
ac108920-54fb-421e-bba1-99ff538367cc,Susan,Matthews,whamilton@example.com,001-410-470-8397x954,1982-03-09,"16684 Brian Squares Suite 328
Harrisville, OR 50138",LOW,2025-09-29,2026-01-25
aac4809f-a82d-4444-95c8-e1989699cb27,Donald,Sutton,gcasey@example.com,001-521-453-2753x82714,1971-06-28,"0796 Jason Ford Apt. 359
Lake Joseview, DE 10042",LOW,2026-01-19,2026-06-19
f5b8074b-0308-4495-81e9-af0d036d8af2,Ashley,Gray,oscardixon@example.com,358-222-0352,2002-12-31,"80542 Mullen Corners
South Charles, WI 81652",LOW,2020-06-15,2026-01-19
3e8f7512-f139-4e71-bf35-11fe82a00d71,Leah,Bush,joanna58@example.org,001-241-215-4902x2256,1957-05-29,"281 Stewart Lodge
East Hannah, NY 12306",MEDIUM,2024-12-21,2026-06-04
4e800d17-8520-438e-9962-8707a7af9a2d,Savannah,Jordan,hector62@example.org,001-430-512-3695,1960-02-19,"5307 Chung Loop
Julietown, MT 87716",LOW,2023-09-23,2026-02-28
10d25ccf-99c1-49f0-8117-940e2d87ae54,Bonnie,Espinoza,brittany49@example.net,(354)260-2019,2001-09-07,"750 Summers Heights Apt. 086
East Carmen, OK 64776",LOW,2021-02-25,2026-01-16
964bdbb7-bb62-4b8d-84d2-fb77b7e36b05,Tiffany,Byrd,erin47@example.org,(238)210-3869x3007,1977-10-12,"778 Thomas Crest
Garciaside, ND 31102",LOW,2022-04-21,2026-04-16
c5a5c86a-5aad-49ae-a6f9-17604220f270,Allison,King,edward57@example.org,+1-501-355-6862x03291,1967-06-06,"60011 Juan Pike Apt. 944
East Jennifer, PR 81077",LOW,2022-09-07,2026-06-02
0bd0b8e9-3a57-45b0-9361-b4e81117ff00,Juan,Hughes,whiteheadalexander@example.org,2876322793,1956-09-29,"1039 Tucker Rue
Hortonfurt, MO 12541",MEDIUM,2020-02-18,2026-05-01
a6e4f1cc-b749-4879-a82f-83c079722f12,Jacqueline,Coffey,briansmith@example.org,001-913-900-1160x708,1967-11-01,"Unit 9607 Box 8123
DPO AP 02503",MEDIUM,2022-02-05,2026-05-12
fb8a1d09-5262-4d64-9574-21d23b3c5aa6,Scott,Moore,ashley96@example.net,(284)806-4653,1961-03-17,"2062 Alvarado Ferry Suite 741
Trevinoville, MO 22243",LOW,2021-07-18,2026-05-05
20513f37-da21-41ae-baaf-44b48ec97154,Joshua,Brown,normanmichelle@example.org,+1-620-714-4355x5138,1971-04-29,"840 Jones Park Suite 249
Lisachester, IN 74965",HIGH,2024-04-16,2026-04-08
64ead68a-2749-4073-a0c0-cd63fd16786e,Jonathan,Cervantes,paul39@example.org,516.220.4253x01916,1959-08-22,"4494 Hull Trace Apt. 105
North Russell, FM 59749",MEDIUM,2019-10-23,2026-04-14
ebc3f31c-09f5-41fc-baa8-946abc5163d9,Keith,Chaney,sarahbaker@example.org,660-429-7390x9553,1964-10-18,"52980 Bowers Stream Suite 419
North Jeffreymouth, VA 53437",LOW,2025-09-05,2026-05-04
8f8b2dc5-d57c-4892-bcac-def7866b82fd,Debra,Mills,ltran@example.org,305-416-8892x190,1982-09-20,"868 Davis Crossroad
Colinfort, UT 68535",LOW,2020-04-26,2026-04-06
3b6810da-7992-4837-916f-c81b2ffdfea6,Kelly,Melton,cooperjessica@example.net,(991)752-3102x8494,1961-02-07,"0837 Smith Alley Apt. 143
North Danielchester, NJ 09965",LOW,2023-03-08,2026-06-04
b31f705b-a3f7-4e89-80ca-37f8de751e48,Edward,Hester,ssmith@example.net,230.294.3575x79200,1965-09-13,"1031 Pacheco Route Apt. 010
Marcusburgh, ID 99316",MEDIUM,2020-01-25,2026-05-05
f89fa08c-97c5-42ad-9c4f-5f0ba0490a0d,John,Tran,thomasyoder@example.net,384-626-2548x19707,2007-08-29,"39255 Katherine Mission
Crystalfort, NY 14210",MEDIUM,2023-09-02,2026-02-27
8433de2d-4ad6-47ea-9141-98feb7630307,Carolyn,Moreno,edwin16@example.org,(748)890-3220x0248,1983-05-04,"543 Robert Junction
Port Charlesshire, MD 70918",LOW,2019-09-29,2026-05-14
50ede62d-af40-4231-9236-3c7ae630f45d,Caleb,Williams,keithcortez@example.com,407.802.6581,2002-01-10,"998 Michael Corners Apt. 467
West Stephenchester, ID 66832",LOW,2025-07-31,2026-03-12
4c056622-97a3-4920-ac44-2fde4c0882c7,Tracy,Adams,melanieholland@example.org,372.224.2331,1975-09-17,"73485 Macias Roads
Harrisside, NM 47052",LOW,2022-09-02,2026-06-14
bc8b88d3-a223-48b8-adad-9e270c5728fb,Bonnie,Daniels,rgreen@example.net,328.501.0311,1962-05-31,"USNS Ruiz
FPO AA 66977",LOW,2021-03-19,2026-03-31
8ab77c27-c7f0-4acb-83a7-a5f266d90f2c,Gary,Mcdonald,mariosummers@example.org,687-609-3894,1969-02-28,"8773 Emily Lights Apt. 768
East Blake, FM 19778",HIGH,2024-07-26,2026-04-29
c0d7a581-719e-4534-9ab0-dcca6adcb5be,Michael,Stewart,dillondanielle@example.com,(312)705-5634x0413,1993-11-14,"9814 Vanessa Run Apt. 383
South Brittneyshire, FL 67490",LOW,2021-08-28,2026-05-26
118c8913-cfe4-442d-9b1b-7e107218574c,Michael,Anderson,racheldavidson@example.net,694.648.4541x813,1981-03-16,"27630 Andrea Estate
Anthonymouth, WY 23703",MEDIUM,2019-07-21,2026-03-25
9faa0b32-78c7-43ab-a265-320b216751ff,James,Krueger,twest@example.com,(528)380-9585x878,1961-04-24,"12727 Joseph Island
East Kevin, OR 34146",MEDIUM,2024-06-14,2026-04-28
93023b9c-43ca-4e48-afa4-75b34a07aaff,Jack,Martinez,millerandrew@example.org,512-346-1483x75699,1980-05-22,"575 Goodwin Manor Suite 198
Parkerborough, MS 08324",LOW,2022-10-08,2026-04-11
ef6adbe4-1a21-48b0-9b56-6d14715e1089,Vanessa,Joseph,christophersmith@example.net,001-563-293-8712x96648,1996-07-18,"724 Moore Harbors
Brandontown, PR 47389",LOW,2019-06-23,2026-04-26
2f934ea5-9869-4d91-89e9-2ca007392671,Cynthia,Daniels,brandon98@example.org,750-349-0741x52373,1980-10-30,"1424 Megan Cliff
Torresmouth, NM 41591",MEDIUM,2021-06-16,2026-01-14
dec4da58-0808-4e67-b354-39585f09a8fe,Nancy,Patton,jackcarey@example.org,287.676.8777x06849,1997-07-18,"958 Porter Summit Apt. 915
Rojasville, AS 19122",LOW,2020-12-20,2026-02-05
148db453-10d2-41a8-98f2-b7f0e9570fd2,Justin,Griffith,courtney09@example.com,735-425-2573,1979-09-25,"718 Eugene Views Suite 491
Codyfurt, MS 62063",MEDIUM,2020-10-27,2026-01-16
867ec3f1-59a2-429e-bd9d-4f37c5d9fa9c,Jerry,Cochran,rthomas@example.net,001-556-957-7363x480,1992-11-06,"35008 Kevin Corner
West Amanda, CT 32366",LOW,2020-07-25,2026-02-20
a88c2273-d180-4a1c-a799-bab5c1ceb5b0,Michael,Miller,austin35@example.com,001-492-369-3747x9001,1973-01-18,"37313 Joshua Vista
Jacquelinemouth, MO 46495",LOW,2025-01-24,2026-05-18
6e33b4a3-5ab5-4449-b2fc-417e94f07afd,Michael,Rodriguez,heatherhunter@example.org,291.303.6597,1978-12-14,"2687 Stevenson Port Apt. 151
New Maureen, MS 64478",LOW,2022-05-30,2026-03-01
e0ad0713-ccc1-456c-964d-fc8233040248,Christopher,Owens,rebekahprice@example.com,375-458-4849x696,1986-01-24,"479 Alexandria Parkways Suite 822
New Paulmouth, SD 11704",MEDIUM,2021-04-26,2026-04-24
f77cbeed-1539-4ee6-8914-7b5440d93e89,Brian,Fox,lrobinson@example.org,001-440-483-0170x96620,1992-12-14,"402 Anna Island Apt. 801
Lake James, ID 14944",LOW,2023-07-24,2026-04-25
5df90721-5df7-4c97-9efa-c39e74ed2979,Travis,Gallagher,galvanlisa@example.com,979-567-4554,1979-06-13,"54379 Vernon Mountains
Kristaborough, DE 64478",LOW,2022-09-05,2026-03-18
53143f48-3bc9-4807-b8fd-6690a73d641d,Joshua,Chapman,tammy92@example.net,885.592.5498,2002-06-30,"82442 Richard Squares Suite 224
South Zachary, DC 47048",MEDIUM,2021-03-30,2026-05-16
44aa2a1b-d914-4d98-bf27-0c74f5c90835,Tina,Wright,xmullen@example.net,781.750.2153,1967-12-30,"0724 Samuel Groves
South Jessica, MI 64727",LOW,2025-03-24,2026-04-20
12788482-58dc-4338-b9b5-3206ae355e45,Haley,Cain,ydavis@example.org,4958604685,1995-10-21,"029 Martinez River Suite 975
New David, MI 84535",MEDIUM,2024-02-26,2026-05-12
d80107bb-15c4-4446-a198-71b19018c618,James,Lewis,jpeterson@example.org,(523)231-7321x5511,1965-02-07,"3674 Nancy Track
Suarezside, MN 41793",LOW,2019-07-13,2026-03-30
bb9928ba-2293-4afb-94dd-610245512bf4,William,Douglas,chowell@example.org,001-214-522-1010x559,1971-08-19,"92104 Aguirre Land Apt. 660
Sandersville, OH 45353",LOW,2020-08-19,2026-06-11
cba3b732-0160-4dc7-b07b-9e71fc73b21b,Brittany,Spencer,burkemelissa@example.org,525.741.9264x65200,1974-12-19,"2590 Matthew Heights
Adamsstad, PA 31399",LOW,2026-02-20,2026-04-20
8620a726-583d-4702-816a-b8eb43e3a8f4,Mackenzie,Riggs,selena29@example.org,(276)585-3081x7880,1963-06-11,"261 Schmidt Stream Apt. 052
Ellisview, OR 30075",MEDIUM,2024-09-11,2026-03-30
c6265313-0f84-44a9-a0c1-cf540b98ebf3,Frank,Larsen,kristen73@example.com,(541)741-4995,1974-05-17,"85331 Hill Port Suite 473
Hollytown, MD 37365",LOW,2025-08-22,2026-04-01
f25c7275-1f9c-4847-a262-b2c7b6673eec,Chloe,Richardson,justinroach@example.net,864-298-0797x12113,1998-12-16,"04391 Cooper Fort
Barneston, IA 45100",LOW,2019-07-27,2026-01-28
e3e39fdb-3adc-43ae-a836-8c484bcd5ecd,Mark,Schultz,reevescaroline@example.com,5724731301,1979-03-02,"151 Rodriguez Dam Suite 939
Lake Joshua, ME 33811",LOW,2020-12-26,2026-02-14
1f4708f3-94ff-4712-9973-7281be66214d,Wendy,Olson,xsmith@example.org,+1-966-614-1366x4950,2007-09-29,"0306 Sergio Roads
Bellshire, AL 86962",LOW,2023-06-07,2026-06-06
33ea0f04-911b-4d3e-9140-0b586b498c7c,Ronald,Montgomery,qross@example.com,5963893738,1962-12-20,"79969 Timothy Orchard Suite 331
Andrewsbury, TX 12336",MEDIUM,2021-12-06,2026-04-24
ee6128fd-df0a-46c5-8a55-5abdd8a59e90,Martha,Harrington,srodgers@example.com,(502)473-6966x47070,1994-09-26,"93966 Benjamin Lake Suite 045
Port Erika, LA 28129",LOW,2023-03-12,2026-06-18
ac2d1767-f6ce-46b3-89f8-165c6c8a38ae,Brian,Russo,warneramy@example.com,393.803.0072,1982-04-05,"240 Blanchard Gateway
Codyhaven, MO 14543",LOW,2024-03-04,2026-05-22
ae4da931-5a6e-4d33-b678-86b67562cd3e,Benjamin,Rodriguez,harmonmichelle@example.net,001-422-393-6632x43483,1998-12-27,"99330 Vargas Lake Suite 793
West Stacyside, WV 40813",MEDIUM,2022-08-16,2026-01-21
95bfed6c-2da8-452a-852b-09809cda43e2,Penny,Best,mckenziedarrell@example.com,7034853120,1984-02-14,"6122 Torres Fork
West Aaron, GA 49203",MEDIUM,2021-05-07,2026-02-10
72f3f11a-36b1-4510-838c-fd48ca1fae3c,Veronica,Rogers,daniellejones@example.net,593.713.6953,1990-04-25,"117 Daniels Island
Jameshaven, MH 71651",LOW,2023-03-07,2026-02-08
205ae06c-0ecf-4c2f-a37d-11b9015fc1b3,Linda,Ramos,robinsonangela@example.net,+1-655-960-0526x180,2001-11-24,"4280 Morales Junction Suite 193
Morrisfort, MA 45358",MEDIUM,2019-09-26,2026-03-19
b1fce50e-0f78-4a73-8a30-8603693f0d54,Christine,Mathis,vdominguez@example.org,984.354.4102,1972-04-04,"598 Alejandro Flats
Lake Ann, ND 62527",LOW,2019-11-05,2026-04-11
0172dbb7-e2d0-4d79-87f2-ea0dfecd50b0,Devon,Rose,xpierce@example.org,001-697-553-2280,1982-09-20,"09668 Lisa Landing Apt. 092
West Robin, NV 01803",LOW,2025-08-31,2026-05-06
6e1addb0-7a46-426d-86f1-a26811fc0b3c,Laura,Gonzalez,carlsoneric@example.net,595-660-7772x0421,2005-04-17,"10925 Larry Locks Suite 431
East Anthonyborough, AZ 21835",LOW,2024-01-02,2026-03-03
7feb449c-ffcb-42e3-a795-0671f7a288d8,Kevin,Elliott,jerrymueller@example.net,001-507-709-6228x002,1955-11-26,"41525 Marcus Crescent
North Ashleyfort, FL 50066",LOW,2022-09-27,2026-01-06
b822f319-2057-4c21-b089-48fe0e9b8c18,Michael,Lee,gilbertchristopher@example.com,001-430-316-3577x035,1970-02-27,"5731 Salazar Points
South Edwardfurt, WA 22584",LOW,2019-08-17,2026-06-02
bed718e1-5af0-415e-baaa-8cdf7ca64dfc,Stephanie,Lopez,johnle@example.org,(395)287-7106x58467,1962-11-23,"23846 Horton Hill Apt. 207
Port Sethchester, SD 81620",LOW,2020-06-24,2026-05-24
9d7bd55b-6b89-4a78-af3c-6bc258bc64c7,Jonathan,Rodgers,gnorris@example.net,(626)890-9965,1967-09-13,"0350 Rodney Radial
Lake Keith, AZ 21171",LOW,2023-06-09,2026-04-19
4b967438-5c20-4bfa-b3c9-da1d18c6d2f4,Bailey,Cruz,bpatterson@example.org,655-886-4836,1973-06-01,"36062 Petersen Turnpike Suite 983
Tammyshire, IA 78658",LOW,2020-08-13,2026-01-07
c05bf50c-e276-4704-bfe8-6266e445b4d2,Austin,Barker,fosterseth@example.org,4657810919,2001-12-20,"9754 Joshua Streets
New Amanda, NC 31827",LOW,2022-05-30,2026-05-05
072d1490-9a28-4d6b-a604-6acbc47287f6,Daniel,Beltran,thomas74@example.org,969-908-3146x676,1963-08-18,"24019 Gates Burgs
Lake Autumn, VI 36145",LOW,2022-07-22,2026-02-14
0253d3ea-0feb-46b9-8aeb-cdf2aff7c7b6,William,Hansen,hermanjason@example.com,(350)211-2343,1958-03-20,"94047 Ryan Glens Suite 373
West Natalie, WY 10263",LOW,2024-09-23,2026-02-01
79269080-8039-45af-a3b4-5239fc3a360c,James,Sharp,oconner@example.com,001-630-585-1920x90052,1982-08-30,"415 Cannon Corner Suite 562
Hillmouth, VT 60898",LOW,2019-09-13,2026-01-22
07e362d5-a8fc-41f9-aba2-976f94ca0e5f,Alex,Lee,michaeljohnson@example.net,427-425-0704x616,1987-07-02,"PSC 8480, Box 1682
APO AE 71816",LOW,2023-12-26,2026-02-24
a385f08c-5e4e-4a0f-aa51-926995e5ad18,Matthew,Webster,brandy59@example.com,+1-759-998-3803,1956-05-24,"46973 Daniel Ways Suite 206
Ethanmouth, WA 51886",HIGH,2019-07-10,2026-05-16
9b704341-ecf0-4a68-a211-10f094ba4761,Christopher,Peters,smitherica@example.net,(246)511-1035x23674,1976-05-06,"4827 Rivera Cove
Annamouth, NH 03952",MEDIUM,2024-11-05,2026-04-05
14d79783-54bd-45fa-ac08-d6b4cba7fc6d,Kari,Davis,vsherman@example.com,490.577.2653,1985-11-21,"941 Hughes Falls
Lake Melissashire, MS 62177",LOW,2024-12-29,2026-04-07
5fd68fb3-62c0-4e2e-8a00-f1019bfcae83,Maria,George,troy71@example.net,271.352.0113x653,1983-08-29,"42665 Diane Lakes
Ryanville, FM 22409",LOW,2020-12-14,2026-06-03
1398e3ea-3f61-4777-9e44-761a5df68dda,Tiffany,Nguyen,sandersthomas@example.net,876.264.8536x1370,1961-10-29,"10007 Edward Ranch
West Thomasborough, AS 11001",LOW,2020-08-06,2026-04-20
199b1741-a25e-4035-b104-447adc9e2cdf,Jason,Villarreal,zsantana@example.com,(309)933-7628x7768,1968-12-06,"83568 Martin Route Apt. 918
Rogersside, IN 55832",LOW,2022-05-07,2026-02-11
52385641-5a44-411c-bd1f-4f142d20a548,Keith,Johnson,michael83@example.org,208.570.9307,1985-11-23,"302 Robert Vista
Palmerview, WA 72907",LOW,2023-07-02,2026-05-13
203d0c49-94e3-4439-856d-365ecb6bc48e,Casey,Castillo,nathanfowler@example.org,(454)755-8603,1955-12-01,"370 Andre Lodge Suite 546
Duranland, FM 07464",MEDIUM,2024-06-25,2026-03-19
3530aaca-174d-4be2-a356-fb35e8e2f19e,Julia,Porter,joseph59@example.net,870-524-5058x072,1956-10-13,"93648 Wilson Crossing Apt. 831
West Scottshire, FM 17815",LOW,2024-06-23,2026-04-09
cd31ed66-d639-47b3-bcd1-f95704fb0e68,Bryan,Jackson,timothybailey@example.net,+1-596-668-9782x197,1998-08-19,"286 Anderson Views
Herringland, DE 87180",LOW,2021-04-06,2026-04-14
4be2f83c-5a56-4bca-8d9c-bf63acf7cf63,David,Romero,curtis40@example.com,+1-311-580-0552x2454,1976-07-30,"26187 Wolf Well Apt. 567
New Ralphborough, GA 56239",LOW,2024-01-26,2026-05-18
a3d1caf5-8c70-4640-ba7d-c52ad9c05abf,Michael,Green,qreed@example.com,825.288.1864x09438,1965-10-19,"3698 Kimberly Court Apt. 404
Ericborough, MO 78503",LOW,2026-02-13,2026-01-04
9c356f60-346f-4a15-bc3d-52166124dbb0,Cristina,Hernandez,ryanjeffrey@example.org,(953)411-8677,1973-12-30,"93644 Jacob Shore
Holmesport, ND 79025",LOW,2021-02-20,2026-01-21
f441e4eb-0b9b-48c5-8384-d03885bfbb39,Dakota,Oneal,fwilliams@example.net,+1-738-377-5613x5369,1971-01-09,"30631 Joshua Camp
Frankbury, AK 67388",LOW,2023-12-17,2026-03-07
029249a1-ebf7-4493-a9a1-c66d24e17d11,Ashley,Edwards,shelly19@example.com,(353)208-5446x7662,1965-09-07,"116 Robert Groves Apt. 477
Michaelton, ME 03335",LOW,2022-10-28,2026-03-07
0fcb8c14-ee68-4b0b-824f-26641f4490ed,Valerie,Odom,stephaniemaynard@example.org,216-859-1506,1985-07-08,"8055 Hayes Union
West Jamesview, ID 01536",LOW,2025-07-24,2026-01-19
b78d19a4-d8a0-4a09-ad04-9e9bf1397ff9,John,Gonzales,justintaylor@example.com,001-564-922-4892x91597,1955-08-29,"138 Alyssa Valley Apt. 804
Salasside, TX 99822",LOW,2023-12-24,2026-05-23
00d08d0f-ae3c-4cf7-814a-01fb20642016,Sarah,Griffin,nicholasroberson@example.com,(964)819-3173x411,1995-10-20,"27649 Christopher Light Apt. 546
Aliciatown, MN 19671",MEDIUM,2025-08-30,2026-03-25
108e8b9c-4dc4-4213-9d31-3c0dbb9794ce,Jesse,Pena,kevinsmith@example.com,3026630457,1970-04-05,"91903 Brandon Track
Lake Daniel, LA 99644",LOW,2025-06-27,2026-01-25
5e61385a-e5cb-4199-9c3a-bfef97483f86,Kaitlyn,Black,charles28@example.org,353.446.8778,2002-02-11,"1514 Lee Fort Suite 469
Robertmouth, WI 74685",LOW,2022-09-03,2026-06-11
bbe5eed4-5cdf-4fb8-a2a3-65c1cd618de1,Jason,Dyer,fhodge@example.net,544-751-5465x81846,2005-06-08,"79257 Warren Mill Apt. 544
Evanfort, WI 41069",LOW,2024-09-01,2026-04-29
397f0186-4789-4847-bb2d-f764016bc974,Brett,Kerr,williamsmatthew@example.org,(804)712-9233,1975-01-18,"09542 Savannah Islands Apt. 308
East Matthew, AK 59756",LOW,2025-06-29,2026-04-10
13dedb3e-dc1c-481d-adf7-9481090f7672,Darius,Stewart,christopher79@example.net,4378308771,1989-02-22,"PSC 0837, Box 6431
APO AA 45066",LOW,2023-03-10,2026-02-11
02c957a9-c7c9-4261-ab8a-d1d46cd1ad11,Teresa,Martin,fpotter@example.com,390-330-1273,1983-01-14,"929 Hester Views Apt. 299
Jennaton, AS 28452",LOW,2021-11-04,2026-04-05
0eacfa0e-60c1-4f8c-9703-3fc74a818606,Jennifer,Young,hperry@example.org,001-720-765-2885x951,1994-03-20,"7016 Caitlin Shoals
Tranville, IN 70521",LOW,2021-05-06,2026-05-27
bb0d30e5-05f0-4d0e-9ff6-06f4e68cc4c4,Jason,Young,sarabrown@example.org,001-877-997-5777x2958,1976-01-31,"61823 Fuentes Well
Benjaminshire, NC 36678",HIGH,2026-05-20,2026-04-26
e7b11f11-f154-4d90-adef-3feccbf9d638,Ashley,Evans,rossmichelle@example.net,+1-616-620-0210x03612,1989-12-19,"7332 Isaac Flat
Markmouth, RI 07790",MEDIUM,2023-07-16,2026-05-11
1b804299-b910-494b-a77f-26c5538581df,James,White,lisa55@example.org,(785)784-4046x562,2003-06-13,"408 Gregory Ports Apt. 886
Brownbury, LA 83400",LOW,2022-07-29,2026-05-29
114c0d07-f9d9-469b-91db-5f57bf59746b,Kathleen,Banks,sle@example.com,+1-322-491-9603x889,1977-08-06,"77323 Turner Mews
Martinview, VI 35752",MEDIUM,2026-01-16,2026-05-28
16eef6d4-72e6-43d5-a82c-5864827732f3,Mary,Guzman,fcollins@example.org,001-546-912-4892x8333,1968-05-23,"65754 Nathan Island Apt. 764
Adamsville, ND 70217",LOW,2019-10-25,2026-02-03
62c5d95e-e59a-42c1-84b5-daacb2e0f52b,Jeanette,Dean,timothy03@example.net,216.428.7581,1964-07-03,"9199 Johnathan Club Apt. 137
Port Zachary, DE 92383",LOW,2020-10-10,2026-01-16
0d5b5192-fbe6-4fde-a327-bc2386680d59,Brian,Martinez,eoconnor@example.com,(844)372-8220x3294,1977-10-19,"USNV Kim
FPO AE 96588",LOW,2024-01-10,2026-02-17
0c03526d-d6b8-4857-9a41-eeea45c44b94,Mary,Ryan,michelle28@example.com,(519)621-6882x29494,2000-03-05,"221 Julia Lake Suite 825
South Derekfort, OK 23686",LOW,2025-10-25,2026-05-16
41cf88f9-6890-4426-b19f-620c171ebf0c,Sarah,Rhodes,jaclyn83@example.net,(783)577-4642,1989-10-22,"694 Matthew Ridges
West Jameshaven, ID 52248",LOW,2025-07-01,2026-04-15
bb12dd1d-a495-40a7-b9a4-1bbde997547d,Tina,Evans,george32@example.com,(471)286-4066x615,1987-02-10,"232 Amanda Ranch Apt. 578
West Kayleeside, NM 66980",LOW,2022-12-29,2026-01-24
ff7bba26-a61c-4774-a16d-6a638d2ecea8,Amanda,Bond,kacosta@example.org,(564)480-2485x9072,1996-02-11,"609 Riley Burg Suite 196
New Annetteville, NH 22865",LOW,2022-01-06,2026-01-02
2516b3e9-30c8-463d-9624-295737b1aca1,Nicole,Lopez,madison21@example.org,507.674.0304,2004-07-25,"37002 Richard Expressway
Port Michellefurt, VI 30405",LOW,2026-04-21,2026-02-28
851a365c-5a67-4847-ae30-a265a481fcef,Christian,Hampton,escott@example.com,998.838.2989x5889,1972-10-28,"344 Griffin Parks
Rossside, PR 39129",LOW,2024-05-15,2026-03-04
1a1e3d42-25d6-4ce4-a4c3-9dfe6b7b742a,Edwin,Jenkins,alex82@example.net,001-690-614-1058x97638,1986-10-22,"59164 Andrew Villages Suite 755
East Sandra, CA 11318",LOW,2024-07-27,2026-05-06
682b5302-5fc8-4cd0-bc94-a37f62cafbeb,Madison,Ayala,richardmoody@example.org,721.903.3131x82202,1957-11-25,"0229 Christopher Mill
South Michealview, KS 90922",MEDIUM,2020-05-29,2026-05-04
2f0c4123-13c4-44b8-af73-2f79e70b4c63,Chase,Jackson,jessica16@example.org,496.930.2010x2665,1994-07-05,"958 Miller Lock
West Kevin, OR 93254",LOW,2025-10-09,2026-02-03
3cdeb92b-1cb4-43ee-9b55-b4522238e26a,Steven,Powell,osantos@example.com,(685)679-5771x195,1993-09-02,"08875 Nichols Underpass
Annshire, MT 58096",LOW,2023-05-20,2026-04-22
478439df-3716-45ba-96a6-25dd325d21de,Crystal,Cherry,dblair@example.net,570.782.8489x3381,1978-11-12,"49966 Davis Islands Apt. 818
Lake Keith, UT 00618",LOW,2024-11-17,2026-02-19
47f596c3-235f-47f0-a451-7966a1a75012,Robin,Walker,christina44@example.org,001-641-792-0180,1973-05-20,"6274 Lisa Road Apt. 626
Lake Kennethhaven, NV 21072",MEDIUM,2020-07-11,2026-06-14
c0d9d6ff-bb0c-4649-9e57-640b869a5237,Karen,Berry,quinnsean@example.com,3685690531,1995-01-30,"5286 Collins Street Apt. 331
Garciaburgh, NJ 70888",LOW,2020-08-28,2026-03-30
f473f210-1f1b-4f5a-acdf-eff3eecb3159,Richard,Anderson,jacqueline59@example.org,470-735-8703,2007-01-30,"945 Shawn Loop Suite 958
Sullivanstad, KS 13954",LOW,2025-11-11,2026-02-19
a20b91c5-fb2e-49ce-8704-9f17a8bf8f40,Jessica,Martinez,kristinejones@example.net,211.924.3330x10460,2001-08-06,"31289 Kyle Cape
Grahamhaven, SD 32529",LOW,2022-10-21,2026-03-20
20b2aea5-4ccd-4f06-811a-d60a87d27eb2,Daniel,Sanchez,mmyers@example.net,608.662.0208x34062,1974-08-21,"28470 Christopher Extensions
Alvarezhaven, PR 25233",HIGH,2023-09-07,2026-06-20
6d5157ce-cf1d-4d23-b6a5-1e45c6756d31,Rachel,Soto,lmurphy@example.com,945.541.4169,1972-11-05,"1764 Hunt Unions
New Heather, TX 08695",LOW,2023-05-01,2026-05-27
0536a6c5-d399-4370-8fa3-8d7b0aa260b3,Jessica,Mann,kirkmartinez@example.net,311.771.6884x5939,1978-02-06,"4933 Logan Junctions
Lake Dennisfort, ND 76459",LOW,2019-12-03,2026-02-21
d645756f-8913-4c8f-b72b-21b825d74433,Tiffany,Murphy,charlesadkins@example.org,+1-906-615-1043x31542,2002-07-25,"9405 Hanson Brooks Suite 025
Stevenstad, ME 09445",MEDIUM,2026-05-12,2026-04-08
af7b5ff6-203a-4a33-b49a-a73e51cc494a,Lauren,Mack,jimenezalex@example.org,(702)900-6066,1962-03-07,"5789 Lara Shoal
Faithshire, AS 27169",MEDIUM,2021-08-17,2026-05-09
5a3feb19-3a02-497a-ab39-ad716c6ac1ac,Hannah,Green,debraowen@example.net,+1-416-348-4502,1986-08-08,"900 Douglas Shoal
Lake Tracey, PA 86252",LOW,2021-02-21,2026-05-08
7deece30-28cf-420c-a026-d6bbc8aee291,Denise,Martinez,washingtonjudith@example.org,(445)546-1625x7653,2004-10-08,"24104 Roberts Lodge Apt. 410
East Tanya, GA 80325",LOW,2020-04-06,2026-06-08
833785f7-5c60-479c-8b56-a8fee20b7948,Brandon,Baker,megan15@example.com,001-536-903-6616x857,1970-05-05,"9907 Judy Garden
Arnoldville, OH 47657",LOW,2025-10-24,2026-01-29
05393011-2e21-4478-b543-0ab109c98295,Lindsay,Barrera,richard85@example.com,322-837-7126,1983-03-12,"3555 Matthew Ramp
Davidside, TX 11975",LOW,2021-01-01,2026-05-12
3124cb45-c7db-492d-9321-b2c4afcbd569,Joseph,Ali,charles45@example.com,+1-825-301-0147x4856,1971-07-15,"1251 Brown Manors Apt. 097
North Tammyland, OH 53467",LOW,2025-12-17,2026-04-25
a9d2f420-8f44-4884-94e2-e7f892d92227,Keith,Weaver,michaelolson@example.net,001-346-622-9525x71166,2004-08-06,"0900 Patricia Ville
Kimberlyville, GA 92934",LOW,2022-08-23,2026-05-12
7c397adb-fdff-43d8-9034-2ad6eda6bf1e,Heather,Chavez,uelliott@example.com,635-477-2137x4386,1977-12-03,"546 Mcdonald Village Suite 379
Port Brandon, GA 90949",LOW,2023-03-27,2026-05-29
ec121054-e38a-4c2b-8217-8106bf85847b,Ronald,Ramirez,kimmaria@example.net,659-200-9663,2006-08-29,"864 Katie Inlet
Mayton, NJ 01860",LOW,2020-03-23,2026-04-19
be8ac1a1-00ef-4033-8e91-51981d5130f8,Shannon,Burns,darrenbriggs@example.com,673.884.5529x54179,1985-07-31,"636 Brian Villages Apt. 537
Andrestad, SD 22824",LOW,2024-02-26,2026-06-01
af0d769a-f08a-4f9a-acc2-3f860c51c71c,Shannon,Meza,richard93@example.com,001-789-515-3182,1975-03-11,"600 Murphy Extension Suite 465
East Dustinland, NH 27620",LOW,2020-10-26,2026-04-01
df410fae-a77d-4ad8-8191-30c9bd2439b4,Mitchell,Woodard,hollybeck@example.org,001-588-358-2190x8944,1998-04-20,"041 Wells Road Suite 266
East Sydneyshire, TX 19417",MEDIUM,2024-09-09,2026-02-24
45b2a363-9b7c-4763-aa31-66bf1d57873a,Duane,Martin,hking@example.net,(524)428-8861x1193,1990-04-12,"72619 Nathaniel Square
North Garyhaven, VI 98131",MEDIUM,2023-10-26,2026-01-04
d5aa3216-9440-4bee-9b72-749f4955ccca,Donna,Hogan,dannypacheco@example.com,946-878-1443x9005,1967-01-23,"7409 Jennifer Manors Suite 551
Morenohaven, LA 01998",LOW,2023-04-28,2026-05-14
9e8b4553-e78c-4ee7-8873-8fd43ea8a9f4,Ruth,Daniels,iglover@example.org,321.926.0064x619,1998-01-28,"615 Barbara Locks
East Melissashire, ME 55120",LOW,2025-07-06,2026-05-01
560f6eb3-11de-42bb-9314-8fc7c9e90e96,Chad,Mejia,esutton@example.com,+1-209-956-0917x52186,1961-07-24,"0079 Jacobs Harbors Apt. 236
Erinbury, NC 52943",LOW,2024-03-13,2026-04-27
66bf16c8-dbc1-4425-b6d3-e1c5a26cde31,Lee,Roth,tjohnston@example.org,+1-402-703-9505x013,1959-01-07,"9853 Buchanan Street Suite 980
Crystalville, KY 46151",LOW,2020-09-01,2026-02-20
ba584ee1-b551-4f63-a71e-bfc976f649bf,Amanda,Carpenter,jessicawong@example.net,6967715100,1955-06-25,"21625 Adams Plains Suite 511
Jonesborough, OH 77695",LOW,2023-06-12,2026-05-10
6bd67a8b-2c02-40f6-9c33-2d07a3f2e95b,Tracy,Miller,austin15@example.com,8434924638,1999-01-27,"Unit 8178 Box 0361
DPO AP 16246",LOW,2023-12-16,2026-05-01
7c51631d-a95a-4d6f-9abc-386bb581731b,Edward,Baker,wjackson@example.com,001-491-883-6195,1990-06-15,"5987 Wallace Cliffs Apt. 601
Jeffreyland, TN 08185",LOW,2022-08-04,2026-05-31
fc82d0a6-e4fb-47d7-b8bc-0db1024e9c5f,Steven,Nunez,watersbruce@example.net,607.312.7507x1117,1990-02-03,"58655 Allison Pines Apt. 266
Lake Vanessabury, UT 38090",LOW,2021-12-23,2026-01-27
f7dc8a21-2e5e-47c1-a1e9-9d088856e6ee,Desiree,Byrd,barnettjames@example.com,(602)705-0608x13222,1991-10-01,"746 Stone Greens Suite 433
East James, WY 75723",LOW,2020-03-15,2026-06-12
a14a1a8d-be16-4619-a2c2-9d79a0c69984,Cynthia,Hancock,jgomez@example.net,(241)599-6268x175,2002-03-02,"53298 Susan Rapid Apt. 427
Port Kevin, HI 72635",LOW,2023-04-16,2026-03-20
ab6d82c9-2853-4131-8b04-a3416d7c3c26,Tyler,Martinez,wkelley@example.com,+1-731-922-9746x40499,1994-09-15,"5763 Jane Light Apt. 647
North Rebecca, MP 32471",LOW,2021-01-26,2026-06-03
4e7fa966-c128-4965-bdfe-9e60615b63f0,Lauren,Brooks,zgarcia@example.net,(617)754-9518x303,1982-03-15,"Unit 3730 Box 6749
DPO AA 41314",LOW,2022-01-01,2026-05-12
e643f396-91dd-4842-94e1-5221fe2dae80,Michael,Vasquez,sylvia91@example.com,940.545.8416,1957-08-21,"64130 Shelby Drive
North Maurice, MT 97050",LOW,2023-05-29,2026-04-11
69db0c0a-a783-43fa-8821-6b7ca12a5061,Jeffrey,Robinson,yhumphrey@example.org,001-687-476-4215x52747,1988-09-16,"USS Rose
FPO AE 10428",HIGH,2024-04-05,2026-02-09
8b4e5f77-d46f-4a5c-ba98-03b87ff23203,Michelle,Weaver,psummers@example.net,2103079562,1991-01-09,"USNV Bridges
FPO AA 73982",MEDIUM,2023-09-05,2026-03-09
0d442740-db11-4280-9830-96a21b5f73fb,Patricia,Rios,zadams@example.org,+1-804-999-4835x025,1962-05-01,"88894 David Gardens Apt. 272
Lake Melissahaven, OH 49882",LOW,2023-09-10,2026-04-24
86a7ee06-6750-45e2-ac87-2b5cbfa1a212,Teresa,Meyer,joanna73@example.org,+1-633-451-3723x708,1999-06-01,"70980 Beard Courts Suite 218
East Stacie, GU 04039",LOW,2020-02-01,2026-01-06
8e817ebd-6e47-4d01-9532-f7498f215061,Christine,Anderson,alexlee@example.net,472.999.7980,1997-09-02,"2509 Amber Ridge Suite 131
East Heather, DE 35079",LOW,2020-09-04,2026-02-24
c658ace2-2dd0-426f-b0cc-071b1c2e98e9,Gregory,Gonzalez,ghardy@example.net,740-201-8687,1996-03-23,"USS Sandoval
FPO AA 93257",HIGH,2024-05-06,2026-05-08
c6c4764a-1f84-4cb1-8d6d-3f2d2dc8001d,Christina,Holmes,cowanrobert@example.org,(588)792-2608,2002-05-03,"636 Odonnell Flats Apt. 647
South Emilyton, VA 77195",MEDIUM,2020-12-17,2026-05-09
5bd8e8c0-799b-4a00-bb63-46899e0ebace,Zachary,Matthews,meganjames@example.com,982-392-4656,2005-05-02,"94509 Chelsea Forge
Port Adrienne, CT 91523",MEDIUM,2022-12-10,2026-05-12
a9c379f7-8c76-49a0-bf73-d7680a09afd0,Matthew,Gomez,qtorres@example.org,001-826-933-6087x56979,1971-03-18,"USNV Short
FPO AP 63266",LOW,2024-01-22,2026-04-24
53208a88-8bcc-400f-9dab-32e9d0a8cc1b,Katherine,Wells,montgomeryerik@example.com,222-816-0630,1968-12-18,"8732 Juan Prairie
East Keithtown, TN 34219",LOW,2024-07-16,2026-01-24
e8044a8f-568a-4d9a-a7cb-42ababf0319f,Ashley,Martin,adamsrachel@example.com,815-388-5232,1981-01-23,"5384 Frances Square
Lake Jonathanborough, WV 88527",MEDIUM,2026-03-11,2026-01-20
b9792c59-4ab7-47a8-856b-7edf8c863a84,Cheyenne,Thomas,nsanders@example.com,(804)695-3657x28619,1961-12-14,"20421 Jones Court Suite 398
West Michele, VI 03912",LOW,2025-09-20,2026-02-14
e2751dc7-615f-44fa-addf-4265777eef6e,Kimberly,Mathews,sgarcia@example.net,(563)744-7470x04104,2002-10-10,"64528 Ball Locks Apt. 488
North James, IA 25652",LOW,2020-02-06,2026-05-21
b6354737-f26e-4e4c-90f1-fbb8e28b54a0,Lauren,Singh,petersaustin@example.net,6073320465,2008-03-14,"7463 Bailey Fields Suite 145
South Richard, IN 01292",LOW,2021-01-06,2026-01-21
b04535ad-e3ad-4632-a12c-fffaa9c7c0b4,Victoria,Stevens,cody59@example.org,642-348-8685x1680,1975-07-05,"431 Darlene Drive Suite 624
Lake Billyfurt, SD 26855",MEDIUM,2020-05-28,2026-03-23
24f3631f-ee56-46d0-9683-7fa08ed12cf5,Lorraine,Williams,jamesamanda@example.net,(579)857-9578x141,1982-02-16,"18207 Walker Ford Apt. 635
New Gregory, NY 95236",LOW,2022-12-01,2026-05-10
6adb8c01-a4ee-4dd0-9b09-120214f2d909,Jeremiah,Smith,leetracy@example.net,(390)223-0837x6614,1998-08-04,"16201 Wallace Skyway
South Kendra, HI 22074",MEDIUM,2021-05-20,2026-01-18
23abf6d2-88c0-4a1e-bcb0-641e04388633,Kari,Dunn,kaitlyn96@example.net,(288)974-0335,1994-05-30,"92920 Parker Garden
West Georgemouth, CT 76844",LOW,2025-07-18,2026-06-07
57960093-86ed-4598-9d95-21c13310a837,Morgan,Smith,burnsjames@example.net,+1-461-356-2138x0288,1958-03-31,"32455 Maria Port
Vaughnburgh, TN 00707",LOW,2023-12-06,2026-04-10
1e578a7b-cc1c-456b-9fd4-dd64052e791d,Deborah,Molina,andrew44@example.com,(610)372-9136x1929,1992-02-20,"133 Jorge Place
Lisachester, NM 64506",LOW,2023-01-29,2026-04-07
a3b69c03-53fa-4ce8-89d5-3a4b267a1b49,Geoffrey,Cannon,donna26@example.net,(500)225-8896x89430,1978-08-02,"51727 Leonard Point
Coxbury, AS 82802",MEDIUM,2025-11-20,2026-02-04
7a262b4e-996a-49a4-afea-c6f6d6150e2e,Thomas,Reyes,ajohnson@example.net,929-564-4402,1957-09-17,"03001 David Shoal
Harringtonshire, MP 48015",MEDIUM,2026-01-15,2026-05-12
d3afbf54-941f-42ac-a3e9-4c74ceaac0f5,Amanda,Hughes,stacygonzales@example.org,+1-502-272-1331x52096,1986-12-28,"1744 Thomas Common Apt. 629
Ericmouth, MT 69066",MEDIUM,2022-01-02,2026-04-10
bbe197f4-b1ff-4fbd-8717-dd60a3817d4b,Henry,Evans,iclark@example.org,+1-857-341-6694,1998-06-29,"72912 Vicki Grove Apt. 565
South Brandon, WV 70259",LOW,2019-10-04,2026-03-14
f59d5019-b5b2-4207-89bd-68ccf21517de,Matthew,Adams,larapenny@example.com,2473017841,1977-08-02,"6510 Joshua Union
Markview, MN 25149",LOW,2024-11-03,2026-01-28
b23ccd26-06cc-4eef-9de9-fa5fc118927a,Mary,Gutierrez,tracy35@example.com,736-670-6036,1966-08-24,"9828 Tara Mount
West Wendy, GA 16997",LOW,2025-09-06,2026-01-10
d3bc6f01-37a0-4fef-8830-6afefefb47d1,Bryan,Hernandez,chad94@example.org,3647561041,1996-04-16,"165 Mindy Points Apt. 874
North Carrie, DE 09980",LOW,2020-09-21,2026-06-11
f4bd8ddb-e86d-409d-beeb-6d670d38f34b,Jesse,Phillips,jacqueline89@example.com,995-507-1595x987,2004-10-10,"255 Morrison Lodge
Kimberg, DC 78223",LOW,2021-04-30,2026-05-10
0e8d09bc-a2d1-436e-a234-afbc95c205e3,Whitney,Gonzales,taylorjohnson@example.org,806.685.2642x4379,1986-04-11,"79308 Jones Plaza
South Richardberg, ID 56388",LOW,2022-07-09,2026-06-17
9ea262a3-f3a4-4de1-9c00-727d500edf27,Dalton,Carter,xmiller@example.net,706.978.0733,1974-07-16,"43875 Katherine Center
Boydberg, CA 92913",MEDIUM,2025-01-02,2026-02-15
ce20bf98-2d52-4dcc-ad82-9786137082d1,Sally,Taylor,gallagherkaylee@example.net,382.773.3850x395,1981-09-04,"160 Lawson Ports Suite 536
Martinezhaven, MS 86295",LOW,2025-05-24,2026-02-17
4f7b309b-8c2b-49a3-a4cc-83b6de294eae,Karen,Huffman,zfritz@example.org,208-610-3927,1963-10-11,"285 Richard Summit
Raymondchester, FM 61643",LOW,2022-11-19,2026-04-23
1d2fb305-8359-4eda-b2d8-032c5c721b8e,Bailey,Miller,heatherlivingston@example.net,+1-256-409-0062x10183,1956-11-02,"883 Castaneda Mountain
South Ryan, VI 28528",LOW,2024-08-25,2026-05-16
2f88ac70-6a47-4ad9-9609-92fa3246af06,Monica,Hernandez,wlane@example.com,741.205.6099x589,1966-08-21,"678 Scott Walk
South Brenda, MS 88544",LOW,2023-01-02,2026-01-11
2ef902fc-cb4e-4f3f-9de7-232733bb52ef,Yolanda,Moore,ericasmith@example.com,254-623-0212,1984-02-05,"9629 Steven Crossroad
Michelletown, MT 04301",LOW,2025-11-28,2026-01-23
bc53c5f7-3e22-4ea8-b126-faa4d651d00c,John,Johnson,hjacobs@example.com,876.283.0076x6023,1960-05-21,"4527 Chad Points
Port Robertside, WI 18691",LOW,2019-09-22,2026-02-13
6f081a7a-2218-4969-8c7f-b3d7b6e13b07,John,Roberts,josephjordan@example.org,(915)348-7232x8539,1964-10-28,"72140 Brett Roads Suite 382
East Benjamin, IA 76760",MEDIUM,2025-05-16,2026-06-07
8dd860ce-7dbf-4930-9d34-15a07807f11d,Hannah,Pitts,guerramegan@example.net,279-265-5794x6575,1980-08-11,"PSC 4072, Box 4658
APO AP 01761",MEDIUM,2024-02-28,2026-04-24
4383a6e0-e0ae-41c7-a99f-5d51b902d3f2,Tamara,Jackson,katrina39@example.org,843-434-9020x00035,2001-09-08,"20606 Michael Common Apt. 716
Charleshaven, AR 82546",LOW,2023-12-05,2026-06-02
d37f1d27-e895-4bd5-94cc-869586bdb0c1,Donna,Hall,sydney40@example.net,+1-279-366-6813x934,1987-11-16,"246 Summer Trafficway Apt. 205
Port Alexanderton, AK 09057",LOW,2021-09-06,2026-04-18
36195882-5e60-45c2-a147-5058b5bff777,Brenda,Nicholson,lbentley@example.net,+1-609-833-2041x768,1985-11-05,"254 Holden Dam Suite 097
South Jeffrey, MS 67849",LOW,2020-05-29,2026-04-06
5eebe5ce-dcf9-4749-b20c-7c3b74f7a707,Adam,Moreno,christopherhall@example.org,483-866-5836,1957-04-07,"8031 Leon Crest
East Patrick, FL 99437",LOW,2022-02-23,2026-04-03
3db16937-1f1b-4a33-998b-efdf1b8dbef0,Carol,Gregory,patricia88@example.org,414.742.8203,2005-01-13,"USCGC Nguyen
FPO AP 01222",LOW,2025-07-19,2026-01-07
9286f594-6eca-4671-99dc-b570f6098956,Linda,Berg,annemcgee@example.net,698.783.2107,1982-10-24,"64799 Donovan Neck
Port Allisonmouth, WY 15461",LOW,2024-08-10,2026-04-13
a4a73e81-d901-4333-ad93-afad8016eec5,Timothy,Duncan,marygomez@example.net,250-548-3024x9207,1997-06-30,"33935 Mclean Fork Suite 562
Owensborough, WA 62778",LOW,2019-12-25,2026-04-13
9a3c15a3-9726-4857-a75d-eacae82f339d,Shari,Bailey,timothyford@example.com,001-344-956-8793x9565,1988-01-08,"0515 Chase Summit Suite 450
Jenniferfort, ID 45497",LOW,2021-04-23,2026-05-13
d070d486-0344-43e4-af85-1fc6a25f90cb,Jason,Sullivan,markmartin@example.com,402.482.5947x542,1961-05-30,"72729 Bridges Shoals
Garyview, PW 52129",LOW,2025-12-14,2026-06-13
e96d7621-ff9a-4faa-a911-a6eddb6ed04e,Kelly,Hart,ashley33@example.net,001-327-258-9807x24592,2005-11-23,"27330 Robinson Canyon Apt. 271
East Donald, OK 45332",MEDIUM,2021-11-16,2026-03-16
176cb963-1c1a-440b-afb9-03a746f789fd,Adriana,Morris,alannixon@example.org,976-501-8694x51067,1969-05-08,"USS Morse
FPO AP 93106",LOW,2026-03-08,2026-01-02
ea4ce95d-c12e-494b-a043-a2b230c5b55f,Craig,Gutierrez,daniel58@example.com,(485)576-6773,1999-04-22,"7476 Nelson Fall
Whitebury, MO 72417",LOW,2025-12-22,2026-05-12
d09b9fc8-47e5-42eb-8c36-3769075677fd,Jacqueline,Warner,buckdean@example.org,482-970-5821,1989-09-23,"Unit 8003 Box 9289
DPO AP 73869",LOW,2022-10-05,2026-05-03
13d113b7-3d03-46d5-ae55-9fcfa91b6c01,Marilyn,Gray,amanda76@example.net,+1-618-542-5600x8410,1956-10-29,"68396 Chavez Trail Apt. 941
Lake Jason, DE 32037",LOW,2023-12-04,2026-02-22
1fbb7f16-0ac7-41eb-ac9c-87ecaa8f000b,Debra,Kramer,mramirez@example.net,+1-655-771-3034x103,1975-10-17,"4948 Webb Point
South John, ID 29320",LOW,2021-04-23,2026-04-20
8627a44b-a448-48be-abb7-15d105d7704b,Laura,Hill,randybarber@example.net,4369455956,1992-05-05,"7072 Tommy Walks Suite 490
Lake Erinberg, AK 70750",LOW,2019-09-18,2026-01-21
cd6fd394-1520-4e18-bf73-de7927dec897,Robert,Santos,jaredmosley@example.org,(611)227-8680x051,1990-12-13,"39865 Espinoza Circles
South Michaelmouth, MH 85865",LOW,2021-01-20,2026-01-13
224b2877-f5dc-4036-a9bc-ee8dae0fe71f,Patrick,Barrera,wheelerelizabeth@example.org,342-536-3901x9356,2005-06-11,"PSC 7212, Box 4694
APO AE 86189",LOW,2020-04-29,2026-05-24
8200d24e-aacc-462f-9645-a555acfe9388,Patrick,Webster,hickspaul@example.com,+1-588-399-0329x7310,1973-05-25,"6000 Heather Plains Apt. 277
Michellebury, VA 38998",MEDIUM,2021-05-23,2026-06-19
f752713f-be98-4086-ab23-8a7343a726fe,Charlotte,Marsh,stephanie98@example.net,952.347.7154x8259,2004-03-19,"1179 Cook Tunnel Suite 076
East Jessicafort, TN 06109",LOW,2021-03-14,2026-04-19
120206cb-5b1e-4a60-ae00-61874164e06a,Michelle,Rubio,david93@example.net,820.978.4939x64250,1983-01-06,"5282 Dylan Ville
Robertchester, WY 89476",LOW,2026-03-27,2026-05-07
28707bc2-0359-4f53-b74f-aefe53ad841f,Stephen,Sawyer,bettymiller@example.net,785.566.8062,1970-12-21,"84608 Jesus Prairie Suite 349
South Alanmouth, ND 46052",LOW,2021-01-27,2026-04-05
